2.000000000000000000e+02,-5.113591200852847171e-03,8.575957941801694946e-04
2.010000000000000000e+02,-4.367283124871311657e-03,7.906706280831313390e-04
2.020000000000000000e+02,-3.620975048889775710e-03,7.237454619860931833e-04
2.030000000000000000e+02,-2.937306510815097457e-03,6.571742906032023704e-04
2.040000000000000000e+02,-2.316277408867804463e-03,5.909571146787505726e-04
2.050000000000000000e+02,-1.757887391723138813e-03,5.250939361972760833e-04
2.060000000000000000e+02,-1.262135630303980183e-03,4.595847593076551321e-04
2.070000000000000000e+02,-8.290205513989769076e-04,3.944295913871285184e-04
2.080000000000000000e+02,-4.585394971883908761e-04,3.296284447801285764e-04
2.090000000000000000e+02,-1.506879922231069428e-04,2.651813407041477499e-04
2.100000000000000000e+02,9.454067842109722638e-05,2.010883184053997668e-04
2.110000000000000000e+02,2.771561377685108742e-04,1.373494707900901153e-04
2.120000000000000000e+02,3.971729663895336073e-04,7.396546237743439618e-05
2.130000000000000000e+02,4.546129102037448576e-04,1.397873687546678347e-05
2.140000000000000000e+02,4.495102402242935526e-04,-3.956877360088111294e-05
2.150000000000000000e+02,3.819275667130881367e-04,-8.667695791060968792e-05
2.160000000000000000e+02,2.520122726598017179e-04,-1.273457807002007836e-04
2.170000000000000000e+02,6.131790806119628704e-05,-1.615752282830363381e-04
2.180000000000000000e+02,-1.590465739066758530e-04,-1.893652973465313359e-04
2.190000000000000000e+02,-3.792974749238763326e-04,-2.107159929786663510e-04
2.200000000000000000e+02,-5.992702205982772213e-04,-2.256273317258954234e-04
2.210000000000000000e+02,-8.188990342482528823e-04,-2.340993561646810908e-04
2.220000000000000000e+02,-1.038146660380054450e-03,-2.361322112713200002e-04
2.230000000000000000e+02,-1.256989446091153406e-03,-2.346722787442197418e-04
2.240000000000000000e+02,-1.475409823479481228e-03,-2.326661815669375626e-04
2.250000000000000000e+02,-1.693393436728591510e-03,-2.301143384790604667e-04
2.260000000000000000e+02,-1.910927435739368831e-03,-2.270168397820944461e-04
2.270000000000000000e+02,-2.127998542647525308e-03,-2.233737281577870954e-04
2.280000000000000000e+02,-2.344591681497457895e-03,-2.191850293364041788e-04
2.290000000000000000e+02,-2.560687684551283573e-03,-2.144507609628192415e-04
2.300000000000000000e+02,-2.776256515191652310e-03,-2.091709368374136669e-04
2.310000000000000000e+02,-2.991234586928393641e-03,-2.033455691517952585e-04
2.320000000000000000e+02,-3.204403318762965875e-03,-1.969746701858650980e-04
2.330000000000000000e+02,-3.410445205735562497e-03,-1.900582542847612996e-04
2.340000000000000000e+02,-3.605174107903646140e-03,-1.825963396815301213e-04
2.350000000000000000e+02,-3.788532961560146881e-03,-1.745889511330358460e-04
2.360000000000000000e+02,-3.960499781849480261e-03,-1.660361252890870960e-04
2.370000000000000000e+02,-4.121062928780684295e-03,-1.569379195523688526e-04
2.380000000000000000e+02,-4.270215825556851127e-03,-1.472944328661986851e-04
2.390000000000000000e+02,-4.407954501436430091e-03,-1.371058633948841208e-04
2.400000000000000000e+02,-4.534276685979486167e-03,-1.263726182398783478e-04
2.410000000000000000e+02,-4.649181376357543714e-03,-1.150952650522484819e-04
2.420000000000000000e+02,-4.752668605516064196e-03,-1.032742874799311644e-04
2.430000000000000000e+02,-4.844739302662021997e-03,-9.090999758044299530e-05
2.440000000000000000e+02,-4.925395239424451566e-03,-7.800261756656345609e-05
2.450000000000000000e+02,-4.994639160364957794e-03,-6.455234235437962869e-05
2.460000000000000000e+02,-5.052474873296875293e-03,-5.055937608222193895e-05
2.470000000000000000e+02,-5.098907442627433582e-03,-3.602398369387576959e-05
2.480000000000000000e+02,-5.133943747672637531e-03,-2.094668031114114022e-05
2.490000000000000000e+02,-5.157592892380373495e-03,-6.064335951059827818e-06
2.500000000000000000e+02,-5.169866889640315800e-03,6.875827858247599093e-06
2.510000000000000000e+02,-5.170782507575171633e-03,1.686285407735785375e-05
2.520000000000000000e+02,-5.160363076344628812e-03,2.389643052381588363e-05
2.530000000000000000e+02,-5.138642192019237873e-03,2.797646541253943128e-05
2.540000000000000000e+02,-5.105675087795221237e-03,2.910291837035319072e-05
2.550000000000000000e+02,-5.061571046896144906e-03,2.727576943038148509e-05
2.560000000000000000e+02,-5.006805331731122195e-03,2.249500961017196263e-05
2.570000000000000000e+02,-4.958865425378341726e-03,1.476063723663589447e-05
2.580000000000000000e+02,-4.935008268958588316e-03,4.072657382667753104e-06
2.590000000000000000e+02,-4.935451823313632969e-03,-9.568916270087035944e-06
2.600000000000000000e+02,-4.960265914602763476e-03,-2.616405492783103378e-05
2.610000000000000000e+02,-5.009484877446792120e-03,-4.571269794293066199e-05
2.620000000000000000e+02,-5.083127882656402613e-03,-6.821469046486222730e-05
2.630000000000000000e+02,-5.181206967658960605e-03,-9.366932304299986211e-05
2.640000000000000000e+02,-5.303729887330597970e-03,-1.214629940877017330e-04
2.650000000000000000e+02,-5.450701449431689417e-03,-1.509818187858593004e-04
2.660000000000000000e+02,-5.622124627872077292e-03,-1.822245247615712012e-04
2.670000000000000000e+02,-5.818000959999990347e-03,-2.151903711496741230e-04
2.680000000000000000e+02,-6.038330692868694449e-03,-2.498784188794648956e-04
2.690000000000000000e+02,-6.283112809589689977e-03,-2.825079881339552317e-04
2.700000000000000000e+02,-6.552344834001301056e-03,-3.087384324094418820e-04
2.710000000000000000e+02,-6.846022285289310623e-03,-3.280089810246427273e-04
2.720000000000000000e+02,-7.164137126977206636e-03,-3.403193630422351144e-04
2.730000000000000000e+02,-7.506674460651661419e-03,-3.456694970440229650e-04
2.740000000000000000e+02,-7.873599947062092166e-03,-3.440593494609106421e-04
2.750000000000000000e+02,-8.264728695350638879e-03,-3.354889049540103253e-04
2.760000000000000000e+02,-8.643581338999433566e-03,-3.199581581021026058e-04
2.770000000000000000e+02,-8.973793403499321503e-03,-2.974671111196768177e-04
2.780000000000000000e+02,-9.255304866253082074e-03,-2.680157747461360345e-04
2.790000000000000000e+02,-9.488094581325602975e-03,-2.316041724474870902e-04
2.800000000000000000e+02,-9.672152536976242818e-03,-1.882323527111206282e-04
2.810000000000000000e+02,-9.807473144550713992e-03,-1.379004291654696188e-04
2.820000000000000000e+02,-9.894053334807346653e-03,-8.060873868156276064e-05
2.830000000000000000e+02,-9.931891850410155473e-03,-1.635957092108038417e-05
2.840000000000000000e+02,-9.920988888706511535e-03,4.831141238809385304e-05
2.850000000000000000e+02,-9.861346086178795003e-03,1.068698248676331106e-04
2.860000000000000000e+02,-9.752966788885545496e-03,1.593147022163567312e-04
2.870000000000000000e+02,-9.595856973005672391e-03,2.056457564639438808e-04
2.880000000000000000e+02,-9.390026566931806290e-03,2.458628690570325128e-04
2.890000000000000000e+02,-9.135492714195503350e-03,2.799659850409763791e-04
2.900000000000000000e+02,-8.832290415693515653e-03,3.079550765454272250e-04
2.910000000000000000e+02,-8.480511343481392239e-03,3.298301297947725096e-04
2.920000000000000000e+02,-8.097785265683291045e-03,3.455911400863312258e-04
2.930000000000000000e+02,-7.715526688516246082e-03,3.552381100524747994e-04
2.940000000000000000e+02,-7.347663309095876435e-03,3.587710509071467412e-04
2.950000000000000000e+02,-6.994298409840964473e-03,3.561899885320360414e-04
2.960000000000000000e+02,-6.655475716628026991e-03,3.474949866375428827e-04
2.970000000000000000e+02,-6.331220471301421751e-03,3.326862746739477636e-04
2.980000000000000000e+02,-6.021548777246194320e-03,3.149390853514231689e-04
2.990000000000000000e+02,-5.726472119886088716e-03,2.974288183057744047e-04
3.000000000000000000e+02,-5.445998998683037814e-03,2.801559047940490135e-04
3.010000000000000000e+02,-5.180135714308338815e-03,2.631204637400117114e-04
3.020000000000000000e+02,-4.928887129454597935e-03,2.463225573326817863e-04
3.030000000000000000e+02,-4.692256881096775085e-03,2.297622269295666636e-04
3.040000000000000000e+02,-4.470247463757237583e-03,2.134395042220462238e-04
3.050000000000000000e+02,-4.262860465987319304e-03,1.973544172022883496e-04
3.060000000000000000e+02,-4.070096553078345752e-03,1.815069933908089093e-04
3.070000000000000000e+02,-3.891955397927120835e-03,1.658972628100327431e-04
3.080000000000000000e+02,-3.728435609528758625e-03,1.505252629517286553e-04
3.090000000000000000e+02,-3.579534621742727716e-03,1.353910462319911682e-04
3.100000000000000000e+02,-3.445248460978885419e-03,1.204946995542395706e-04
3.110000000000000000e+02,-3.325571049046334524e-03,1.058364313702317249e-04
3.120000000000000000e+02,-3.220493610393421191e-03,9.161794842691652529e-05
3.130000000000000000e+02,-3.130003516072404120e-03,7.832282471633595386e-05
3.140000000000000000e+02,-3.054081274648732299e-03,6.623320867035824245e-05
3.150000000000000000e+02,-2.992696018889421695e-03,5.534926871319580685e-05
3.160000000000000000e+02,-2.945794472573080337e-03,4.567106260728708158e-05
3.170000000000000000e+02,-2.913257331672076348e-03,3.719861746735782129e-05
3.180000000000000000e+02,-2.894699537729593201e-03,2.993194663257724560e-05
3.190000000000000000e+02,-2.882929487457769249e-03,2.387105507706105458e-05
3.200000000000000000e+02,-2.870729098620088040e-03,1.901594132901085707e-05
3.210000000000000000e+02,-2.857703722061693055e-03,1.536659704700263888e-05
3.220000000000000000e+02,-2.843753354529926329e-03,1.292300392847141242e-05
3.230000000000000000e+02,-2.828825133388608408e-03,1.168512379352182096e-05
3.240000000000000000e+02,-2.812883732883990004e-03,1.165286583069630152e-05
3.250000000000000000e+02,-2.795903118635124484e-03,1.282583363921971085e-05
3.260000000000000000e+02,-2.777861180364861460e-03,1.458564292199675354e-05
3.270000000000000000e+02,-2.758738155130740013e-03,1.631406055388088605e-05
3.280000000000000000e+02,-2.738515913764093430e-03,1.801085219338217482e-05
3.290000000000000000e+02,-2.717176623851695096e-03,1.967593792243412648e-05
3.300000000000000000e+02,-2.694703205462217668e-03,2.130927751784810013e-05
3.310000000000000000e+02,-2.671080191717159664e-03,2.291084799250529889e-05
3.320000000000000000e+02,-2.646293532494307411e-03,2.448063524557154112e-05
3.330000000000000000e+02,-2.620331258116934993e-03,2.601863087622163548e-05
3.340000000000000000e+02,-2.593183824532066528e-03,2.752483068625407941e-05
3.350000000000000000e+02,-2.564843464000261201e-03,2.899923368668280905e-05
3.360000000000000000e+02,-2.535304018584589973e-03,3.044184157443969216e-05
3.370000000000000000e+02,-2.504560781208902548e-03,3.185265831886704302e-05
3.380000000000000000e+02,-2.472610086390772226e-03,3.323168974308164761e-05
3.390000000000000000e+02,-2.439449178359363087e-03,3.457894289567269968e-05
3.400000000000000000e+02,-2.405076132028203389e-03,3.589442529597939511e-05
3.410000000000000000e+02,-2.369489692746171421e-03,3.717814427447493745e-05
3.420000000000000000e+02,-2.332689255296775677e-03,3.843010623163394587e-05
3.430000000000000000e+02,-2.294674871289454233e-03,3.965031604582669754e-05
3.440000000000000000e+02,-2.255447245343871789e-03,4.083877674316955083e-05
3.450000000000000000e+02,-2.215007740024945576e-03,4.199548922861382443e-05
3.460000000000000000e+02,-2.173358402460631895e-03,4.312045205373491325e-05
3.470000000000000000e+02,-2.130502132042257600e-03,4.421366106889875754e-05
3.480000000000000000e+02,-2.086442708323690051e-03,4.527510909508109584e-05
3.490000000000000000e+02,-2.041184866087964508e-03,4.630478537096383555e-05
3.500000000000000000e+02,-1.994734727393740904e-03,4.730267426961570911e-05
3.510000000000000000e+02,-1.947100030989641411e-03,4.826875391595380826e-05
3.520000000000000000e+02,-1.898290587433634248e-03,4.920299375217618445e-05
3.530000000000000000e+02,-1.848319763323527610e-03,5.010534902343957367e-05
3.540000000000000000e+02,-1.797206019947922197e-03,5.097575276642274893e-05
3.550000000000000000e+02,-1.744976600293371514e-03,5.181409805533854321e-05
3.560000000000000000e+02,-1.691679231667218147e-03,5.262018457671291009e-05
3.570000000000000000e+02,-1.637397382085846106e-03,5.339355139232248887e-05
3.580000000000000000e+02,-1.582266632373369088e-03,5.413268787698032774e-05
3.590000000000000000e+02,-1.526480678661433455e-03,5.483249835683184155e-05
3.600000000000000000e+02,-1.470242716991657962e-03,5.548467513297387194e-05
3.610000000000000000e+02,-1.413715001736490142e-03,5.608210693317696984e-05
3.620000000000000000e+02,-1.357018126180401180e-03,5.662020597850128076e-05
3.630000000000000000e+02,-1.300234572764397915e-03,5.709552332803988071e-05
3.640000000000000000e+02,-1.243417725239915131e-03,5.750420444129358951e-05
3.650000000000000000e+02,-1.186607334371148287e-03,5.783713315187604239e-05
3.660000000000000000e+02,-1.129834723594311122e-03,5.806712647987146911e-05
3.670000000000000000e+02,-1.073125300169420647e-03,5.816914500152125243e-05
3.680000000000000000e+02,-1.016502580616441285e-03,5.813793916426553094e-05
3.690000000000000000e+02,-9.599888062801117386e-04,5.797278053592791041e-05
3.700000000000000000e+02,-9.036052311184922161e-04,5.767341157043220977e-05
3.710000000000000000e+02,-8.473745407000339222e-04,5.723970069852649616e-05
3.720000000000000000e+02,-7.913214320222905496e-04,5.667157063058004651e-05
3.730000000000000000e+02,-7.354738215706186624e-04,5.596897334790879329e-05
3.740000000000000000e+02,-6.798680928682969589e-04,5.513187707794215938e-05
3.750000000000000000e+02,-6.245537803868562868e-04,5.416026053819383276e-05
3.760000000000000000e+02,-5.696060489888631583e-04,5.305410988366831020e-05
3.770000000000000000e+02,-5.151716531478950671e-04,5.181341650872466580e-05
3.780000000000000000e+02,-4.615464607459046609e-04,5.043817607907323140e-05
3.790000000000000000e+02,-4.092636916543126958e-04,4.892838812905209449e-05
3.800000000000000000e+02,-3.589658337082667463e-04,4.728405603726887688e-05
3.810000000000000000e+02,-3.110632604616886615e-04,4.550518743619731281e-05
3.820000000000000000e+02,-2.656973893668220020e-04,4.359179524832560251e-05
3.830000000000000000e+02,-2.229238257075013489e-04,4.154390008112367297e-05
3.840000000000000000e+02,-1.827741116750506312e-04,3.936153400756548025e-05
3.850000000000000000e+02,-1.452689875600945112e-04,3.704474843868524726e-05
3.860000000000000000e+02,-1.104235917056628838e-04,3.459363387021821486e-05
3.870000000000000000e+02,-7.824918952964739064e-05,3.200837251912499239e-05
3.880000000000000000e+02,-4.875410557458032912e-05,2.928953404436796291e-05
3.890000000000000000e+02,-2.194480505757281320e-05,2.650052579950162889e-05
3.900000000000000000e+02,2.173709467785489412e-06,2.370569013162257915e-05
3.910000000000000000e+02,2.359766023093620452e-05,2.090662965083599998e-05
3.920000000000000000e+02,4.232414169127927093e-05,1.810366732471832760e-05
3.930000000000000000e+02,5.835099638900002325e-05,1.529696397829439543e-05
3.940000000000000000e+02,7.167673965348423596e-05,1.248662082814997880e-05
3.950000000000000000e+02,8.230044758432390078e-05,9.672712492275488728e-06
3.960000000000000000e+02,9.022171725729154017e-05,6.855298659817391600e-06
3.970000000000000000e+02,9.544064722237192305e-05,4.034429771331549413e-06
3.980000000000000000e+02,9.795783678598155443e-05,1.210151995509221707e-06
3.990000000000000000e+02,9.777437597069010323e-05,-1.617490444539992222e-06
4.000000000000000000e+02,9.489184915940695802e-05,-4.448453343014876125e-06
4.010000000000000000e+02,8.931243524567867881e-05,-7.282689123578941297e-06
4.020000000000000000e+02,8.103889833734059735e-05,-1.012014423374494233e-05
4.030000000000000000e+02,7.007459132315577177e-05,-1.296075501027058946e-05
4.040000000000000000e+02,5.642367611201552064e-05,-1.580443809136665350e-05
4.050000000000000000e+02,4.009111823432586673e-05,-1.865107432712253917e-05
4.060000000000000000e+02,2.108271131906145547e-05,-2.150046331165469444e-05
4.070000000000000000e+02,-5.945024762818900947e-07,-2.435209295966037540e-05
4.080000000000000000e+02,-2.493211888994789586e-05,-2.712241736961707318e-05
4.090000000000000000e+02,-5.192010279634941283e-05,-2.972560548654697602e-05
4.100000000000000000e+02,-8.154562759369736761e-05,-3.215876378209492234e-05
4.110000000000000000e+02,-1.137923419033985348e-04,-3.442158473100389280e-05
4.120000000000000000e+02,-1.486389121964403273e-04,-3.651394570198245065e-05
4.130000000000000000e+02,-1.860542431180771882e-04,-3.843578205247767513e-05
4.140000000000000000e+02,-2.259919181701768639e-04,-4.018705560021284249e-05
4.150000000000000000e+02,-2.683755069188914163e-04,-4.176774292485840710e-05
4.160000000000000000e+02,-3.130468880405975303e-04,-4.317782928922334821e-05
4.170000000000000000e+02,-3.596723090887911909e-04,-4.441730602430273949e-05
4.180000000000000000e+02,-4.076143270617049665e-04,-4.548616927413812747e-05
4.190000000000000000e+02,-4.560595451260234011e-04,-4.638441933065506027e-05
4.200000000000000000e+02,-5.044762177520105547e-04,-4.711206063916431591e-05
4.210000000000000000e+02,-5.526914287711865359e-04,-4.766910241140516914e-05
4.220000000000000000e+02,-6.006424364543181890e-04,-4.805556031333649297e-05
4.230000000000000000e+02,-6.482957087565113926e-04,-4.827145914782185357e-05
4.240000000000000000e+02,-6.956305163841664712e-04,-4.831683844893108249e-05
4.250000000000000000e+02,-7.426323389387065425e-04,-4.819176656611981197e-05
4.260000000000000000e+02,-7.892906526884087455e-04,-4.789637612333601214e-05
4.270000000000000000e+02,-8.355978368257154822e-04,-4.743102294273585985e-05
4.280000000000000000e+02,-8.815480919312400831e-04,-4.682022230228632259e-05
4.290000000000000000e+02,-9.271370246129894592e-04,-4.616422122424677373e-05
4.300000000000000000e+02,-9.723614027254119749e-04,-4.553930686141445804e-05
4.310000000000000000e+02,-1.017218848923936644e-03,-4.494587451174739796e-05
4.320000000000000000e+02,-1.061707724109636894e-03,-4.438408705844117905e-05
4.330000000000000000e+02,-1.105827064472465326e-03,-4.385403560666625362e-05
4.340000000000000000e+02,-1.149576519731902290e-03,-4.335578005065610861e-05
4.350000000000000000e+02,-1.192956343019704445e-03,-4.288936276649796850e-05
4.360000000000000000e+02,-1.235967411533160556e-03,-4.245481475278623781e-05
4.370000000000000000e+02,-1.278611335658244282e-03,-4.205215979686479668e-05
4.380000000000000000e+02,-1.320890497568828065e-03,-4.168141633503690360e-05
4.390000000000000000e+02,-1.362808140350167544e-03,-4.134259853452073842e-05
4.400000000000000000e+02,-1.404368777833226454e-03,-4.103571738795041803e-05
4.410000000000000000e+02,-1.445578399147412268e-03,-4.076078117779623308e-05
4.420000000000000000e+02,-1.486444890001589313e-03,-4.051779575839754252e-05
4.430000000000000000e+02,-1.526979495783922086e-03,-4.030676489107429651e-05
4.440000000000000000e+02,-1.567198073062523811e-03,-4.012769036187280861e-05
4.450000000000000000e+02,-1.607123422583439393e-03,-3.998057201520360929e-05
4.460000000000000000e+02,-1.646791239448731990e-03,-3.986540770809461268e-05
4.470000000000000000e+02,-1.686253055745619463e-03,-3.978219323475212614e-05
4.480000000000000000e+02,-1.725576373974457888e-03,-3.973092215374830744e-05
4.490000000000000000e+02,-1.764844413159136682e-03,-3.971158531486103875e-05
4.500000000000000000e+02,-1.804140732982083750e-03,-3.972417046452362849e-05
4.510000000000000000e+02,-1.843534589115613902e-03,-3.976866161029809837e-05
4.520000000000000000e+02,-1.883081949583219556e-03,-3.984503757231679457e-05
4.530000000000000000e+02,-1.922824895574756776e-03,-3.995327053723584461e-05
4.540000000000000000e+02,-1.962793063621033358e-03,-4.009332364936524657e-05
4.550000000000000000e+02,-2.003009395487087563e-03,-4.026514579958428747e-05
4.560000000000000000e+02,-2.043491846341642312e-03,-4.046866490387066983e-05
4.570000000000000000e+02,-2.084254323463270719e-03,-4.070377440449193443e-05
4.580000000000000000e+02,-2.125308747057707594e-03,-4.097028791170715268e-05
4.590000000000000000e+02,-2.166665361311796364e-03,-4.126762733822434017e-05
4.600000000000000000e+02,-2.208332796930044441e-03,-4.159101307455627806e-05
4.610000000000000000e+02,-2.250318886351570548e-03,-4.192932941572229111e-05
4.620000000000000000e+02,-2.292630608375086781e-03,-4.227425629911652828e-05
4.630000000000000000e+02,-2.335273978764488417e-03,-4.262385443532701090e-05
4.640000000000000000e+02,-2.378254483215835186e-03,-4.297752480744871788e-05
4.650000000000000000e+02,-2.421576990557446768e-03,-4.333497461204483849e-05
4.660000000000000000e+02,-2.465245651276794236e-03,-4.369602585824463258e-05
4.670000000000000000e+02,-2.509264146565869449e-03,-4.406054836506880895e-05
4.680000000000000000e+02,-2.553635621658812381e-03,-4.442843941533550727e-05
4.690000000000000000e+02,-2.598362617281772900e-03,-4.479961479289425581e-05
4.700000000000000000e+02,-2.643447213761856898e-03,-4.517399958508393790e-05
4.710000000000000000e+02,-2.688891001810936928e-03,-4.555152526754101548e-05
4.720000000000000000e+02,-2.734695048162126725e-03,-4.593212789644248725e-05
4.730000000000000000e+02,-2.780859948862702494e-03,-4.631574377043659000e-05
4.740000000000000000e+02,-2.827385810108746546e-03,-4.670230814002129902e-05
4.750000000000000000e+02,-2.874272216504279547e-03,-4.709175374257565166e-05
4.760000000000000000e+02,-2.921518175628599022e-03,-4.748400582146527983e-05
4.770000000000000000e+02,-2.969122087488766486e-03,-4.787897912061058267e-05
4.780000000000000000e+02,-3.017081687552328889e-03,-4.827657248060382574e-05
4.790000000000000000e+02,-3.065393817927294928e-03,-4.867665363014553201e-05
4.800000000000000000e+02,-3.114054333629721286e-03,-4.907903695228311389e-05
4.810000000000000000e+02,-3.163057933499292991e-03,-4.948342006362459113e-05
4.820000000000000000e+02,-3.212397524315079283e-03,-4.988907905019402626e-05
4.830000000000000000e+02,-3.262063910590191733e-03,-5.029183156682759409e-05
4.840000000000000000e+02,-3.312045259242371933e-03,-5.065549896264107691e-05
4.850000000000000000e+02,-3.362325268306656616e-03,-5.094707365805955618e-05
4.860000000000000000e+02,-3.412882195630986132e-03,-5.116589173122390528e-05
4.870000000000000000e+02,-3.463687509236921310e-03,-5.131168592181354677e-05
4.880000000000000000e+02,-3.514701887558994899e-03,-5.138432313477300285e-05
4.890000000000000000e+02,-3.565875994690153195e-03,-5.138372342932692001e-05
4.900000000000000000e+02,-3.617152868193660407e-03,-5.130983549631437164e-05
4.910000000000000000e+02,-3.668465437407760280e-03,-5.116262426444584372e-05
4.920000000000000000e+02,-3.719741259401204009e-03,-5.094206529210032046e-05
4.930000000000000000e+02,-3.770906289142921929e-03,-5.064814173271784076e-05
4.940000000000000000e+02,-3.821878014376100478e-03,-5.028084203050589465e-05
4.950000000000000000e+02,-3.872566713225969199e-03,-4.984015883807900541e-05
4.960000000000000000e+02,-3.922876223957990661e-03,-4.932608843280642175e-05
4.970000000000000000e+02,-3.972693364206043160e-03,-4.873863032651888524e-05
4.980000000000000000e+02,-4.021892623359595714e-03,-4.807778724327678015e-05
4.990000000000000000e+02,-4.070344466930955751e-03,-4.734356541091858252e-05
5.000000000000000000e+02,-4.117913354740059331e-03,-4.653597540634116751e-05
5.010000000000000000e+02,-4.164475992379778127e-03,-4.565503334201430552e-05
5.020000000000000000e+02,-4.209936919945075906e-03,-4.470076312723124975e-05
5.030000000000000000e+02,-4.254222945781658931e-03,-4.367320160013332935e-05
5.040000000000000000e+02,-4.297281849850794790e-03,-4.257240787760567145e-05
5.050000000000000000e+02,-4.339079076858533453e-03,-4.139848964728961195e-05
5.060000000000000000e+02,-4.379589714146553230e-03,-4.015174260093837190e-05
5.070000000000000000e+02,-4.418795615333826095e-03,-3.884545181832462760e-05
5.080000000000000000e+02,-4.456683762712482927e-03,-3.751250031919915902e-05
5.090000000000000000e+02,-4.493243836970913646e-03,-3.617296008818943637e-05
5.100000000000000000e+02,-4.528467552949604936e-03,-3.482715878303493516e-05
5.110000000000000000e+02,-4.562348324204380280e-03,-3.347521575045181316e-05
5.120000000000000000e+02,-4.594880442634755209e-03,-3.211719776154192869e-05
5.130000000000000000e+02,-4.626058953030489328e-03,-3.075314718727478736e-05
5.140000000000000000e+02,-4.655879605461871532e-03,-2.938309231641399034e-05
5.150000000000000000e+02,-4.684338419911771717e-03,-2.800705295736646651e-05
5.160000000000000000e+02,-4.711431686900790887e-03,-2.662504300475969260e-05
5.170000000000000000e+02,-4.737155981660445478e-03,-2.523707184813924682e-05
5.180000000000000000e+02,-4.761507811222234245e-03,-2.384314542558682397e-05
5.190000000000000000e+02,-4.784483631083969769e-03,-2.244326672739581428e-05
5.200000000000000000e+02,-4.806079864739166985e-03,-2.103743604014949521e-05
5.210000000000000000e+02,-4.826292545983917187e-03,-1.962565095674400956e-05
5.220000000000000000e+02,-4.845117364865955505e-03,-1.820790631542378574e-05
5.230000000000000000e+02,-4.862549717365717908e-03,-1.678419392313630818e-05
5.240000000000000000e+02,-4.878584280867068364e-03,-1.535450163556206757e-05
5.250000000000000000e+02,-4.893215134783630675e-03,-1.391881246976970123e-05
5.260000000000000000e+02,-4.906435894333986865e-03,-1.247710289802125594e-05
5.270000000000000000e+02,-4.918239199233723734e-03,-1.102933840915591113e-05
5.280000000000000000e+02,-4.928616946101163805e-03,-9.575467203614267220e-06
5.290000000000000000e+02,-4.937560540554231277e-03,-8.115406268838699542e-06
5.300000000000000000e+02,-4.945060309462795053e-03,-6.649006612627458341e-06
5.310000000000000000e+02,-4.951105872138980742e-03,-5.176006206138012094e-06
5.320000000000000000e+02,-4.955686539402828772e-03,-3.695983058164377769e-06
5.330000000000000000e+02,-4.958790663292780322e-03,-2.208355245765365914e-06
5.340000000000000000e+02,-4.960406158111703087e-03,-7.125224079671425633e-07
5.350000000000000000e+02,-4.960521038184778110e-03,7.919859016696413718e-07
5.360000000000000000e+02,-4.959122701545503817e-03,2.305494100805848488e-06
5.370000000000000000e+02,-4.956198522190364067e-03,3.828208706807864520e-06
5.380000000000000000e+02,-4.951736418348060172e-03,5.360256721686044357e-06
5.390000000000000000e+02,-4.945724059458676998e-03,6.901723410523774184e-06
5.400000000000000000e+02,-4.938149316116416214e-03,8.452668601137480547e-06
5.410000000000000000e+02,-4.929000683328560624e-03,1.001313507420690290e-05
5.420000000000000000e+02,-4.918266470829989710e-03,1.158315587641440911e-05
5.430000000000000000e+02,-4.905935194046221089e-03,1.316275702214225214e-05
5.440000000000000000e+02,-4.891995988798122051e-03,1.475195896158745383e-05
5.450000000000000000e+02,-4.876437925012328846e-03,1.635077858473259587e-05
5.460000000000000000e+02,-4.859250468595991725e-03,1.795922982257320912e-05
5.470000000000000000e+02,-4.840423957638372195e-03,1.957732398587363722e-05
5.480000000000000000e+02,-4.819949063790577443e-03,2.120507055703378167e-05
5.490000000000000000e+02,-4.797817172536108891e-03,2.284247734244484351e-05
5.500000000000000000e+02,-4.774020740535373820e-03,2.448955053752548881e-05
5.510000000000000000e+02,-4.748552851230989844e-03,2.614629507811062082e-05
5.520000000000000000e+02,-4.721407411762023297e-03,2.781271464506698102e-05
5.530000000000000000e+02,-4.692579317147951672e-03,2.948881162394121450e-05
5.540000000000000000e+02,-4.662064076000547487e-03,3.117458721413865936e-05
5.550000000000000000e+02,-4.629857872280710579e-03,3.287004135447025178e-05
5.560000000000000000e+02,-4.595957624350045963e-03,3.457517260931838594e-05
5.570000000000000000e+02,-4.560360733506019226e-03,3.628997806594512634e-05
5.580000000000000000e+02,-4.523065085497222741e-03,3.801445316849105333e-05
5.590000000000000000e+02,-4.484069058601985493e-03,3.974859148102625968e-05
5.600000000000000000e+02,-4.443371385895914828e-03,4.149238424920113064e-05
5.610000000000000000e+02,-4.400971153078337382e-03,4.324581998072853670e-05
5.620000000000000000e+02,-4.356867810351263900e-03,4.500888379435995489e-05
5.630000000000000000e+02,-4.311061123429229223e-03,4.678155602969235959e-05
5.640000000000000000e+02,-4.263551197575425611e-03,4.856381067236006070e-05
5.650000000000000000e+02,-4.214338513593643941e-03,5.035561251345531522e-05
5.660000000000000000e+02,-4.163423952333195240e-03,5.215691062816453565e-05
5.670000000000000000e+02,-4.110808836982589656e-03,5.396762667996538769e-05
5.680000000000000000e+02,-4.056494993971122322e-03,5.578762215078448319e-05
5.690000000000000000e+02,-4.000484891584949430e-03,5.761653810924706741e-05
5.700000000000000000e+02,-3.942781718040530917e-03,5.944109083276413697e-05
5.710000000000000000e+02,-3.883389502789629921e-03,6.119570240528579000e-05
5.720000000000000000e+02,-3.822313486472125096e-03,6.282754528942224479e-05
5.730000000000000000e+02,-3.759560347015503037e-03,6.433626779324885456e-05
5.740000000000000000e+02,-3.695138569330849113e-03,6.572174052933151640e-05
5.750000000000000000e+02,-3.629059427191160935e-03,6.698389568592586494e-05
5.760000000000000000e+02,-3.561337788524918460e-03,6.812269301715812790e-05
5.770000000000000000e+02,-3.491994685991174456e-03,6.913810758615909888e-05
5.780000000000000000e+02,-3.421077690811679794e-03,7.003012340096539555e-05
5.790000000000000000e+02,-3.348754708847510430e-03,7.079873066206864517e-05
5.800000000000000000e+02,-3.275460334682900321e-03,7.144392440663680898e-05
5.810000000000000000e+02,-3.201778046996014461e-03,7.196570370973846375e-05
5.820000000000000000e+02,-3.128115107955642578e-03,7.236407155553993607e-05
5.830000000000000000e+02,-3.054654925017457993e-03,7.263903524099293797e-05
5.840000000000000000e+02,-2.981488681425326775e-03,7.279060764401309514e-05
5.850000000000000000e+02,-2.908668481760430698e-03,7.281880928544624018e-05
5.860000000000000000e+02,-2.836226329730440286e-03,7.272367266120249711e-05
5.870000000000000000e+02,-2.764185705640608177e-03,7.250525312841965781e-05
5.880000000000000000e+02,-2.692564833345878136e-03,7.216365546960535758e-05
5.890000000000000000e+02,-2.621378018733691844e-03,7.169915137645490179e-05
5.900000000000000000e+02,-2.550637656631305015e-03,7.115465184742071647e-05
5.910000000000000000e+02,-2.480354558384755687e-03,7.059174995834842251e-05
5.920000000000000000e+02,-2.410538046303905418e-03,7.002954223938974497e-05
5.930000000000000000e+02,-2.341196796326615141e-03,6.946831818237643539e-05
5.940000000000000000e+02,-2.272338796578079155e-03,6.890819447374961580e-05
5.950000000000000000e+02,-2.203971252429107880e-03,6.834923455112841691e-05
5.960000000000000000e+02,-2.136101120693485646e-03,6.779147861145400555e-05
5.970000000000000000e+02,-2.068734971372806434e-03,6.723495377261039696e-05
5.980000000000000000e+02,-2.001878821742643453e-03,6.667967862522357803e-05
5.990000000000000000e+02,-1.935538523072607899e-03,6.612566619480833823e-05
6.000000000000000000e+02,-1.869719600139688100e-03,6.557292528723355346e-05
6.010000000000000000e+02,-1.804427091913281180e-03,6.502146123067508538e-05
6.020000000000000000e+02,-1.739665888569623961e-03,6.447127646078564705e-05
6.030000000000000000e+02,-1.675440588442351315e-03,6.392237074158943521e-05
6.040000000000000000e+02,-1.611755356705796500e-03,6.337474118819597612e-05
6.050000000000000000e+02,-1.548614225957280471e-03,6.282838203910521451e-05
6.060000000000000000e+02,-1.486020987794089802e-03,6.228328436198120040e-05
6.070000000000000000e+02,-1.423979094925088970e-03,6.173943547868104224e-05
6.080000000000000000e+02,-1.362491955455681983e-03,6.119681760729691721e-05
6.090000000000000000e+02,-1.301562869351000941e-03,6.065540629424554268e-05
6.100000000000000000e+02,-1.241194969202984947e-03,6.011516753754785021e-05
6.110000000000000000e+02,-1.181391520185071618e-03,5.957605107797972303e-05
6.120000000000000000e+02,-1.122155861618177744e-03,5.903797833100959247e-05
6.130000000000000000e+02,-1.063491357297260097e-03,5.850080726908096773e-05
6.140000000000000000e+02,-1.005401741583018252e-03,5.796413269672013766e-05
6.150000000000000000e+02,-9.478910907107567993e-04,5.742123862904491424e-05
6.160000000000000000e+02,-8.909638218763614968e-04,5.685541810275038916e-05
6.170000000000000000e+02,-8.346251873886590322e-04,5.625605279658519670e-05
6.180000000000000000e+02,-7.788813207637722454e-04,5.562273492302293425e-05
6.190000000000000000e+02,-7.237393680652032518e-04,5.495532542458439977e-05
6.200000000000000000e+02,-6.692084615202998623e-04,5.425374781506889238e-05
6.210000000000000000e+02,-6.153000573304912056e-04,5.351795370801015772e-05
6.220000000000000000e+02,-5.620286584707750912e-04,5.274791075046815985e-05
6.230000000000000000e+02,-5.094147346872676457e-04,5.194359608546339930e-05
6.240000000000000000e+02,-4.574868142612890411e-04,5.110499344623564585e-05
6.250000000000000000e+02,-4.062853948868707515e-04,5.023209156391534756e-05
6.260000000000000000e+02,-3.558735048279108512e-04,4.932488288927545282e-05
6.270000000000000000e+02,-3.063404099977870207e-04,4.838336301494422981e-05
6.280000000000000000e+02,-2.577959524248918366e-04,4.740753037815180650e-05
6.290000000000000000e+02,-2.103563115390475738e-04,4.639738609327466408e-05
6.300000000000000000e+02,-1.641117338590316905e-04,4.535293395726706965e-05
6.310000000000000000e+02,-1.191132235917980809e-04,4.427418062396594884e-05
6.320000000000000000e+02,-7.538807778796780283e-05,4.316113613910782211e-05
6.330000000000000000e+02,-3.295172217047585519e-05,4.201381443732004012e-05
6.340000000000000000e+02,8.186280172499330523e-06,4.083223414736460155e-05
6.350000000000000000e+02,4.801896879652529552e-05,3.961642037111147056e-05
6.360000000000000000e+02,8.654109566865384980e-05,3.836640643893428479e-05
6.370000000000000000e+02,1.237487743361494761e-04,3.708223675881582168e-05
6.380000000000000000e+02,1.596390386862153038e-04,3.576397291189679423e-05
6.390000000000000000e+02,1.942097103730166597e-04,3.441170147845220212e-05
6.400000000000000000e+02,2.274593242464190807e-04,3.302554951503756183e-05
6.410000000000000000e+02,2.593869960290209930e-04,3.160572528301616052e-05
6.420000000000000000e+02,2.899923828694874546e-04,3.015261527636103412e-05
6.430000000000000000e+02,3.192756702808016147e-04,2.866723475327588193e-05
6.440000000000000000e+02,3.472375913207500380e-04,2.715766466465422514e-05
6.450000000000000000e+02,3.738794245483716399e-04,2.566112807057230227e-05
6.460000000000000000e+02,3.992030139491566554e-04,2.420892000609080991e-05
6.470000000000000000e+02,4.232109415028053874e-04,2.280274527205621262e-05
6.480000000000000000e+02,4.459065536074999941e-04,2.144305344648721044e-05
6.490000000000000000e+02,4.672940321874185176e-04,2.013005988994326717e-05
6.500000000000000000e+02,4.873788474593916784e-04,1.886389376030107463e-05
6.510000000000000000e+02,5.061678942000943622e-04,1.764464015422972061e-05
6.520000000000000000e+02,5.236697707337495443e-04,1.647235735434438933e-05
6.530000000000000000e+02,5.398960039634326594e-04,1.534708749500345086e-05
6.540000000000000000e+02,5.548616957123738043e-04,1.426886147709730270e-05
6.550000000000000000e+02,5.685868020233014438e-04,1.323770183044092171e-05
6.560000000000000000e+02,5.811005464235389877e-04,1.225362524632458829e-05
6.570000000000000000e+02,5.924448799217413948e-04,1.131664377754606782e-05
6.580000000000000000e+02,6.026805227549814157e-04,1.042676557811557100e-05
6.590000000000000000e+02,6.119020988709809525e-04,9.583995639117552941e-06
6.600000000000000000e+02,6.202390625307554984e-04,8.788336070136042779e-06
6.610000000000000000e+02,6.278408970562850003e-04,8.039786180651931543e-06
6.620000000000000000e+02,6.348558518824872193e-04,7.338342401894432566e-06
6.630000000000000000e+02,6.413935704113628679e-04,6.683998056097202556e-06
6.640000000000000000e+02,6.475143546970451398e-04,6.076742869742656633e-06
6.650000000000000000e+02,6.532506743509363875e-04,5.516561879454530731e-06
6.660000000000000000e+02,6.586212694381748641e-04,5.003434149906546673e-06
6.670000000000000000e+02,6.636380990947318009e-04,4.537330561449976892e-06
6.680000000000000000e+02,6.683100973078264862e-04,4.118209120622786758e-06
6.690000000000000000e+02,6.726441275748252895e-04,3.746007645282394748e-06
6.700000000000000000e+02,6.766453600282067073e-04,3.420627282879382815e-06
6.710000000000000000e+02,6.803178295614244891e-04,3.141881487859179203e-06
6.720000000000000000e+02,6.836646184389962543e-04,2.909259587925950031e-06
6.730000000000000000e+02,6.866879681310104249e-04,2.698410910439458321e-06
6.740000000000000000e+02,6.893894671350722647e-04,2.477716183425519235e-06
6.750000000000000000e+02,6.917701044377973577e-04,2.239107031683429030e-06
6.760000000000000000e+02,6.938302883783371497e-04,1.982038040335551853e-06
6.770000000000000000e+02,6.955698480039769829e-04,1.706308769361413307e-06
6.780000000000000000e+02,6.969880368086474407e-04,1.411808613877240669e-06
6.790000000000000000e+02,6.980835098911949716e-04,1.098467762628950865e-06
6.800000000000000000e+02,6.988541496560584342e-04,7.662373057175443493e-07
6.810000000000000000e+02,6.992970191294108203e-04,4.150815347718707783e-07
6.820000000000000000e+02,6.994082497200655854e-04,4.497404819322645791e-08
6.830000000000000000e+02,6.991825042117380236e-04,-3.441053656604179806e-07
6.840000000000000000e+02,6.986126944763111331e-04,-7.521721216819917100e-07
6.850000000000000000e+02,6.976894339787580212e-04,-1.179237679740106752e-06
6.860000000000000000e+02,6.963992287635446723e-04,-1.625310466683702108e-06
6.870000000000000000e+02,6.947231812266229647e-04,-2.090396249999686260e-06
6.880000000000000000e+02,6.926350025409306124e-04,-2.574498348073327239e-06
6.890000000000000000e+02,6.900964888920664390e-04,-3.077617860159563185e-06
6.900000000000000000e+02,6.870590257823231718e-04,-3.599753713060763549e-06
6.910000000000000000e+02,6.834702905243261002e-04,-4.140902607638839299e-06
6.920000000000000000e+02,6.792802024013867629e-04,-4.701058798809559803e-06
6.930000000000000000e+02,6.744495441078502806e-04,-5.280213885615813429e-06
6.940000000000000000e+02,6.689524313667357357e-04,-5.878356448855414235e-06
6.950000000000000000e+02,6.627713266815258393e-04,-6.495471181866484494e-06
6.960000000000000000e+02,6.558943180481092983e-04,-7.131538123216053270e-06
6.970000000000000000e+02,6.483134321592555092e-04,-7.786531432882950953e-06
6.980000000000000000e+02,6.400228824103846356e-04,-8.460416708753956276e-06
6.990000000000000000e+02,6.310184807354998109e-04,-9.153147930397827331e-06
7.000000000000000000e+02,6.212973402477897254e-04,-9.864661886791690134e-06
7.010000000000000000e+02,6.108574724424652722e-04,-1.059486499148045291e-05
7.020000000000000000e+02,5.996976770279736696e-04,-1.134360911579575891e-05
7.030000000000000000e+02,5.878174998306981251e-04,-1.211061946026093147e-05
7.040000000000000000e+02,5.752171802095249744e-04,-1.289506440989795526e-05
7.050000000000000000e+02,5.618976560291769496e-04,-1.368919218206421861e-05
7.060000000000000000e+02,5.478606171307335085e-04,-1.447069881157911074e-05
7.070000000000000000e+02,5.331087154530022004e-04,-1.522321281740946886e-05
7.080000000000000000e+02,5.176457178981573246e-04,-1.594533178634537719e-05
7.090000000000000000e+02,5.014768124605054967e-04,-1.663671584767691304e-05
7.100000000000000000e+02,4.846095410745039894e-04,-1.729719029884548915e-05
7.110000000000000000e+02,4.670547876553071383e-04,-1.792664574469586504e-05
7.120000000000000000e+02,4.488289542668791863e-04,-1.852500819222225017e-05
7.130000000000000000e+02,4.299601479300765102e-04,-1.909222327407280361e-05
7.140000000000000000e+02,4.104947656125899447e-04,-1.962824974611150617e-05
7.150000000000000000e+02,3.905003701254037467e-04,-2.013305598657555952e-05
7.160000000000000000e+02,3.700574922770487937e-04,-2.060661689738721008e-05
7.170000000000000000e+02,3.492346179074506539e-04,-2.104891253389558722e-05
7.180000000000000000e+02,3.280757488820919645e-04,-2.145992724922828236e-05
7.190000000000000000e+02,3.066087451695652020e-04,-2.183964864302954581e-05
7.200000000000000000e+02,2.848514037621602355e-04,-2.218806715950534175e-05
7.210000000000000000e+02,2.628151046279633674e-04,-2.250517585011095069e-05
7.220000000000000000e+02,2.405079753724407665e-04,-2.279097001547488241e-05
7.230000000000000000e+02,2.179359261149317519e-04,-2.304544713439629847e-05
7.240000000000000000e+02,1.951031465953961873e-04,-2.326860689378308005e-05
7.250000000000000000e+02,1.720127606984313349e-04,-2.346045128496844918e-05
7.260000000000000000e+02,1.486670054974048095e-04,-2.362098480563273395e-05
7.270000000000000000e+02,1.250673165465888818e-04,-2.375021484668378335e-05
7.280000000000000000e+02,1.012145164214157863e-04,-2.384815256738981578e-05
7.290000000000000000e+02,7.710883559635097677e-05,-2.391481394457825320e-05
7.300000000000000000e+02,5.274989832307549217e-05,-2.395022172010600602e-05
7.310000000000000000e+02,2.813672358008413143e-05,-2.395440991682363759e-05
7.320000000000000000e+02,3.267685484605137209e-06,-2.392743189127930105e-05
7.330000000000000000e+02,-2.185956038902506210e-05,-2.386938225567076223e-05
7.340000000000000000e+02,-4.724826141218182389e-05,-2.378049089171584246e-05
7.350000000000000000e+02,-7.290270658406023774e-05,-2.366358334526180173e-05
7.360000000000000000e+02,-9.882846111710521619e-05,-2.374124984742723060e-05
7.370000000000000000e+02,-1.250329875555836331e-04,-2.423362805336740346e-05
7.380000000000000000e+02,-1.515262313394393303e-04,-2.514098528604908527e-05
7.390000000000000000e+02,-1.783217398519990038e-04,-2.646341308405900114e-05
7.400000000000000000e+02,-2.054396508832946860e-04,-2.820095682063762473e-05
7.410000000000000000e+02,-2.329116599724604774e-04,-3.035364183815952060e-05
7.420000000000000000e+02,-2.607960070263245513e-04,-3.292148228117719189e-05
7.430000000000000000e+02,-2.892715277593020423e-04,-3.590448533576457232e-05
7.440000000000000000e+02,-3.200699114713797372e-04,-3.930265279939645229e-05
7.450000000000000000e+02,-3.558888424218502734e-04,-4.311598138572771810e-05
7.460000000000000000e+02,-3.979639762571092086e-04,-4.734446190235645064e-05
7.470000000000000000e+02,-4.464594470430083674e-04,-5.198807715622995681e-05
7.480000000000000000e+02,-5.014274656315160193e-04,-5.704679687527708447e-05
7.490000000000000000e+02,-5.628970555091665192e-04,-6.252056373024587866e-05
7.500000000000000000e+02,-6.308869005216638471e-04,-6.840925228330165951e-05
7.510000000000000000e+02,-7.054095171351739248e-04,-7.471241654151991683e-05
7.520000000000000000e+02,-7.864739812227492010e-04,-8.126660077411213033e-05
7.530000000000000000e+02,-8.740869569652086205e-04,-8.790826772418154134e-05
7.540000000000000000e+02,-9.682532445437272558e-04,-9.463685672491237340e-05
7.550000000000000000e+02,-1.068976387532615284e-03,-1.014521860363320680e-04
7.560000000000000000e+02,-1.176258889019362588e-03,-1.083541566419603209e-04
7.570000000000000000e+02,-1.290102328392799718e-03,-1.153427029786244570e-04
7.580000000000000000e+02,-1.410507517753891056e-03,-1.224177744170761104e-04
7.590000000000000000e+02,-1.537474539466406271e-03,-1.295793279898339694e-04
7.600000000000000000e+02,-1.671002737381316371e-03,-1.368273242678380141e-04
7.610000000000000000e+02,-1.811090640997438080e-03,-1.441617229248935499e-04
7.620000000000000000e+02,-1.957735904874832993e-03,-1.515824793542712965e-04
7.630000000000000000e+02,-2.110935184620116051e-03,-1.590895395800410019e-04
7.640000000000000000e+02,-2.270683744105349289e-03,-1.666828284137709048e-04
7.650000000000000000e+02,-2.436975177292952533e-03,-1.743622230528090876e-04
7.660000000000000000e+02,-2.609800915485895219e-03,-1.821274378176758848e-04
7.670000000000000000e+02,-2.789148890194878289e-03,-1.893822953902543952e-04
7.680000000000000000e+02,-2.975002198477233375e-03,-1.954211638321270755e-04
7.690000000000000000e+02,-3.167336478345573417e-03,-2.001342302971992847e-04
7.700000000000000000e+02,-3.366112858414015314e-03,-2.035212963307617595e-04
7.710000000000000000e+02,-3.571266117363519968e-03,-2.055822926090239769e-04
7.720000000000000000e+02,-3.782667298015361494e-03,-2.063171869173035990e-04
7.730000000000000000e+02,-3.999881122016163068e-03,-2.057259627652237180e-04
7.740000000000000000e+02,-4.219251852840520678e-03,-2.038086126382395206e-04
7.750000000000000000e+02,-4.433670681506715443e-03,-2.005651356603154075e-04
7.760000000000000000e+02,-4.638873467612411421e-03,-1.959955373434279688e-04
7.770000000000000000e+02,-4.834287725875468719e-03,-1.900998313762146136e-04
7.780000000000000000e+02,-5.019754263074732541e-03,-1.828780454086500996e-04
7.790000000000000000e+02,-5.195191625535163643e-03,-1.743302404332829764e-04
7.800000000000000000e+02,-5.360549737904880471e-03,-1.644565981564022838e-04
7.810000000000000000e+02,-5.515796125781911689e-03,-1.539203693243860322e-04
7.820000000000000000e+02,-5.660907388693698500e-03,-1.433860049033270788e-04
7.830000000000000000e+02,-5.795866239518082663e-03,-1.328549437571849084e-04
7.840000000000000000e+02,-5.920659981494266061e-03,-1.223273230350518698e-04
7.850000000000000000e+02,-6.035278772720922662e-03,-1.118032002636955871e-04
7.860000000000000000e+02,-6.139715018316653332e-03,-1.012826068520992763e-04
7.870000000000000000e+02,-6.233963006583851871e-03,-9.076556149623487267e-05
7.880000000000000000e+02,-6.318018292728521008e-03,-8.025207587189161790e-05
7.890000000000000000e+02,-6.391877512221608680e-03,-6.974215696926957034e-05
7.900000000000000000e+02,-6.455538275143667647e-03,-5.923580830667156654e-05
7.910000000000000000e+02,-6.508998931142491451e-03,-4.873303085920119678e-05
7.920000000000000000e+02,-6.552258520970983408e-03,-3.823382375093298957e-05
7.930000000000000000e+02,-6.585316760301385998e-03,-2.773818496728350873e-05
7.940000000000000000e+02,-6.608173987691250140e-03,-1.724611211713513283e-05
7.950000000000000000e+02,-6.620831156515744574e-03,-6.757603274749347303e-06
7.960000000000000000e+02,-6.623289843566039156e-03,3.727342221725038636e-06
7.970000000000000000e+02,-6.615552326791981734e-03,1.420872306685780936e-05
7.980000000000000000e+02,-6.597621577506453810e-03,2.468653532066230024e-05
7.990000000000000000e+02,-6.569501262972412235e-03,3.516077156849826957e-05
8.000000000000000000e+02,-6.531195934036325770e-03,4.563141936589056930e-05
8.010000000000000000e+02,-6.482711017188729115e-03,5.609845878762535309e-05
8.020000000000000000e+02,-6.424052830888941391e-03,6.656185689592004006e-05
8.030000000000000000e+02,-6.355228945490010162e-03,7.702155148175192736e-05
8.040000000000000000e+02,-6.276248288736261359e-03,8.747738809199582578e-05
8.050000000000000000e+02,-6.187121415454285844e-03,9.792076114761867199e-05
8.060000000000000000e+02,-6.087861582927165706e-03,1.077559922548788354e-04
8.070000000000000000e+02,-5.978485679784775741e-03,1.163957618701895756e-04
8.080000000000000000e+02,-5.859016177498369178e-03,1.238398951446915432e-04
8.090000000000000000e+02,-5.729487042304592243e-03,1.300883320296747153e-04
8.100000000000000000e+02,-5.589956151351657861e-03,1.351410441927094141e-04
8.110000000000000000e+02,-5.440570606423252367e-03,1.389980176811715629e-04
8.120000000000000000e+02,-5.287046825398271539e-03,1.416592466209337512e-04
8.130000000000000000e+02,-5.136325307788516641e-03,1.431247312745202206e-04
8.140000000000000000e+02,-4.989820807103816785e-03,1.433944780737466361e-04
8.150000000000000000e+02,-4.847642675524993679e-03,1.424685016836573230e-04
8.160000000000000000e+02,-4.709833382943819959e-03,1.403468299832607636e-04
8.170000000000000000e+02,-4.576414599877593782e-03,1.370295178525906350e-04
8.180000000000000000e+02,-4.447399624794995572e-03,1.325166989367348807e-04
8.190000000000000000e+02,-4.322797128339669372e-03,1.268089772834811197e-04
8.200000000000000000e+02,-4.202612762631565205e-03,1.206443105033396256e-04
8.210000000000000000e+02,-4.086850336043401817e-03,1.147604272611533295e-04
8.220000000000000000e+02,-3.975512239752555972e-03,1.091576881611859931e-04
8.230000000000000000e+02,-3.868599638895767363e-03,1.038362153025086909e-04
8.240000000000000000e+02,-3.766112650961822919e-03,9.879607210088107278e-05
8.250000000000000000e+02,-3.668050333255947967e-03,9.403729704803639056e-05
8.260000000000000000e+02,-3.574410544728089546e-03,8.955991488678957820e-05
8.270000000000000000e+02,-3.485189536467733600e-03,8.536394226183727013e-05
8.280000000000000000e+02,-3.400381448102696071e-03,8.144939010401076613e-05
8.290000000000000000e+02,-3.319977208530728273e-03,7.781626482647616627e-05
8.300000000000000000e+02,-3.243961351616263516e-03,7.446456914195971372e-05
8.310000000000000000e+02,-3.172304902751462048e-03,7.139430227635965140e-05
8.320000000000000000e+02,-3.104925445595994263e-03,6.860545979115940842e-05
8.330000000000000000e+02,-3.040698551510574287e-03,6.609803285852421356e-05
8.340000000000000000e+02,-2.978010666138542015e-03,6.387200707744042783e-05
8.350000000000000000e+02,-2.916264577670808333e-03,6.192736008618851952e-05
8.360000000000000000e+02,-2.855398438426262619e-03,6.026405601030159186e-05
8.370000000000000000e+02,-2.795385990570769998e-03,5.888203471975256840e-05
8.380000000000000000e+02,-2.736212275382171946e-03,5.778118094153412987e-05
8.390000000000000000e+02,-2.677867446468019681e-03,5.696117567517101020e-05
8.400000000000000000e+02,-2.620344749872819366e-03,5.628416700815555373e-05
8.410000000000000000e+02,-2.563639588061163935e-03,5.560338646869796182e-05
8.420000000000000000e+02,-2.507748777168502478e-03,5.490945195961143829e-05
8.430000000000000000e+02,-2.452670246803310972e-03,5.420206188943156155e-05
8.440000000000000000e+02,-2.398402880929111341e-03,5.348109843033741292e-05
8.450000000000000000e+02,-2.344946395210280830e-03,5.274649651317188511e-05
8.460000000000000000e+02,-2.292301293611168859e-03,5.199821517787780052e-05
8.470000000000000000e+02,-2.240468890835185366e-03,5.123622726724751054e-05
8.480000000000000000e+02,-2.189451505993911945e-03,5.046051374732803970e-05
8.490000000000000000e+02,-2.139252589853583852e-03,4.967106126369625696e-05
8.500000000000000000e+02,-2.089876977800012459e-03,4.886786083190043672e-05
8.510000000000000000e+02,-2.041331673674922666e-03,4.805090675287631836e-05
8.520000000000000000e+02,-1.993626381778476099e-03,4.722019614818362469e-05
8.530000000000000000e+02,-1.946774240196313651e-03,4.637572872804494412e-05
8.540000000000000000e+02,-1.900793291428420255e-03,4.551750666520896550e-05
8.550000000000000000e+02,-1.855705125428574456e-03,4.464553459038697635e-05
8.560000000000000000e+02,-1.811531352410716399e-03,4.375981971637055894e-05
8.570000000000000000e+02,-1.768291239064056705e-03,4.286037227475248762e-05
8.580000000000000000e+02,-1.725999626731945184e-03,4.194720586060716945e-05
8.590000000000000000e+02,-1.684666809757286209e-03,4.102033799141740296e-05
8.600000000000000000e+02,-1.644300217841482281e-03,4.007979143705652983e-05
8.610000000000000000e+02,-1.604905137006471492e-03,3.912559539551951725e-05
8.620000000000000000e+02,-1.566485151758495150e-03,3.815778738750349254e-05
8.630000000000000000e+02,-1.529042733066436534e-03,3.717641748089468726e-05
8.640000000000000000e+02,-1.492579433633515551e-03,3.618155336941247189e-05
8.650000000000000000e+02,-1.457095991704932415e-03,3.517329021043250504e-05
8.660000000000000000e+02,-1.422592465504871062e-03,3.415177590673981062e-05
8.670000000000000000e+02,-1.389068284286088624e-03,3.311726636701253459e-05
8.680000000000000000e+02,-1.356522269903708520e-03,3.207037839102730887e-05
8.690000000000000000e+02,-1.324952590438411822e-03,3.101454867263745969e-05
8.700000000000000000e+02,-1.294356773882138038e-03,2.996485957531102163e-05
8.710000000000000000e+02,-1.264731697461116480e-03,2.893692032883999826e-05
8.720000000000000000e+02,-1.236073375338313457e-03,2.793471584653766651e-05
8.730000000000000000e+02,-1.208376930492555557e-03,2.695887172788600405e-05
8.740000000000000000e+02,-1.181636506837721980e-03,2.600962166473327281e-05
8.750000000000000000e+02,-1.155844710697805349e-03,2.508710078011886136e-05
8.760000000000000000e+02,-1.130992379085245117e-03,2.419139784049841531e-05
8.770000000000000000e+02,-1.107068134753884381e-03,2.332257406021980212e-05
8.780000000000000000e+02,-1.084056771557403379e-03,2.248067454103713016e-05
8.790000000000000000e+02,-1.061938767560653392e-03,2.166573327623436295e-05
8.800000000000000000e+02,-1.040690010935659427e-03,2.087777598282751450e-05
8.810000000000000000e+02,-1.020279895588658593e-03,2.011682264896567370e-05
8.820000000000000000e+02,-1.000673322693081341e-03,1.938288871297419216e-05
8.830000000000000000e+02,-9.818333041640800885e-04,1.867598581463316898e-05
8.840000000000000000e+02,-9.637196996699876712e-04,1.799612263489301254e-05
8.850000000000000000e+02,-9.462920568841785189e-04,1.734330526587607387e-05
8.860000000000000000e+02,-9.295120398821159072e-04,1.671753743731698661e-05
8.870000000000000000e+02,-9.133409684189374962e-04,1.611882074381354308e-05
8.880000000000000000e+02,-8.977414771138467718e-04,1.554715473072403433e-05
8.890000000000000000e+02,-8.826790150556254036e-04,1.500253689444748935e-05
8.900000000000000000e+02,-8.681191419225503048e-04,1.448496251413355125e-05
8.910000000000000000e+02,-8.540288563889155684e-04,1.399442453884876436e-05
8.920000000000000000e+02,-8.403778992397565586e-04,1.353091336529838303e-05
8.930000000000000000e+02,-8.271362834491612949e-04,1.309441617063650666e-05
8.940000000000000000e+02,-8.142753640427258070e-04,1.268491646299066526e-05
8.950000000000000000e+02,-8.017689618688873939e-04,1.230239337631900346e-05
8.960000000000000000e+02,-7.895913054948259114e-04,1.194681990704618449e-05
8.970000000000000000e+02,-7.777179466339068222e-04,1.161816144852308341e-05
8.980000000000000000e+02,-7.661266080134248755e-04,1.131637339495290998e-05
8.990000000000000000e+02,-7.547953306277837768e-04,1.104139551784172757e-05
9.000000000000000000e+02,-7.437031259135594907e-04,1.079314579624498199e-05
9.010000000000000000e+02,-7.328306523617864054e-04,1.057150904669614707e-05
9.020000000000000000e+02,-7.221587541757712924e-04,1.037630856392362411e-05
9.030000000000000000e+02,-7.116691869809332925e-04,1.020725769141261392e-05
9.040000000000000000e+02,-7.013454590666666532e-04,1.006381344378115311e-05
9.050000000000000000e+02,-6.911719186299152733e-04,9.944659426783570528e-06
9.060000000000000000e+02,-6.811345392650914720e-04,9.846849942620540156e-06
9.070000000000000000e+02,-6.712216003482978244e-04,9.765494354881126436e-06
9.080000000000000000e+02,-6.614228743516294530e-04,9.694900846238553300e-06
9.090000000000000000e+02,-6.517298123921768391e-04,9.630475361932592845e-06
9.100000000000000000e+02,-6.421356498937495511e-04,9.569261088462635310e-06
9.110000000000000000e+02,-6.326347425388556805e-04,9.509282628101767447e-06
9.120000000000000000e+02,-6.232224837406508252e-04,9.449182099073459419e-06
9.130000000000000000e+02,-6.138952512448594880e-04,9.388021490845084319e-06
9.140000000000000000e+02,-6.046500557618717702e-04,9.325086564720621592e-06
9.150000000000000000e+02,-5.954844884753402205e-04,9.259829384827530566e-06
9.160000000000000000e+02,-5.863966999496773077e-04,9.191840563847483248e-06
9.170000000000000000e+02,-5.773852556218761261e-04,9.120797643070323229e-06
9.180000000000000000e+02,-5.684491154922663089e-04,9.046450681824189151e-06
9.190000000000000000e+02,-5.595876256193232272e-04,8.968612567474471798e-06
9.200000000000000000e+02,-5.508004859552930940e-04,8.887137024889183478e-06
9.210000000000000000e+02,-5.420877260200726360e-04,8.801910915062605321e-06
9.220000000000000000e+02,-5.334496914733245299e-04,8.712848781255858651e-06
9.230000000000000000e+02,-5.248871035585740740e-04,8.619883132534066612e-06
9.240000000000000000e+02,-5.164010478661376939e-04,8.522960868917278554e-06
9.250000000000000000e+02,-5.079929792741228085e-04,8.422040892364938746e-06
9.260000000000000000e+02,-4.996648830074461659e-04,8.317090096862941948e-06
9.270000000000000000e+02,-4.914192872416746653e-04,8.208081967135283594e-06
9.280000000000000000e+02,-4.832592956889316077e-04,8.094995665762993141e-06
9.290000000000000000e+02,-4.751889013797027349e-04,7.977814344603176001e-06
9.300000000000000000e+02,-4.672129861232574856e-04,7.856524618290826453e-06
9.310000000000000000e+02,-4.593373164367529232e-04,7.731116235038557893e-06
9.320000000000000000e+02,-4.515690027782468430e-04,7.601581350591609836e-06
9.330000000000000000e+02,-4.439162438233500564e-04,7.467914352772232815e-06
9.340000000000000000e+02,-4.363879021778387774e-04,7.330111782803688672e-06
9.350000000000000000e+02,-4.289936667127719765e-04,7.188172094246613481e-06
9.360000000000000000e+02,-4.217432069570671831e-04,7.042095666045882970e-06
9.370000000000000000e+02,-4.146453242059010020e-04,6.891884896491081203e-06
9.380000000000000000e+02,-4.077080798530024726e-04,6.737544348539644494e-06
9.390000000000000000e+02,-4.009383996037239602e-04,6.579080983820261181e-06
9.400000000000000000e+02,-3.943418528380606271e-04,6.416504547236644886e-06
9.410000000000000000e+02,-3.879230649973583857e-04,6.249828347005217180e-06
9.420000000000000000e+02,-3.816857459230068358e-04,6.079070085354007855e-06
9.430000000000000000e+02,-3.756327128605796862e-04,5.904253207727811087e-06
9.440000000000000000e+02,-3.697661439179324725e-04,5.725409739377202539e-06
9.450000000000000000e+02,-3.640876117456387636e-04,5.542584135239023204e-06
9.460000000000000000e+02,-3.585980938144626659e-04,5.355841265665497386e-06
9.470000000000000000e+02,-3.532980561006134035e-04,5.165290977239807841e-06
9.480000000000000000e+02,-3.481874644906953289e-04,4.971355535437480359e-06
9.490000000000000000e+02,-3.432657763727310651e-04,4.777600049746186341e-06
9.500000000000000000e+02,-3.385318814940446296e-04,4.589962822909434838e-06
9.510000000000000000e+02,-3.339840899715873154e-04,4.411626065675551377e-06
9.520000000000000000e+02,-3.296200919622142432e-04,4.243171106424027545e-06
9.530000000000000000e+02,-3.254367096920239718e-04,4.084779727846839071e-06
9.540000000000000000e+02,-3.214298298699206410e-04,3.936542954701438240e-06
9.550000000000000000e+02,-3.175942744368613472e-04,3.798515653338803924e-06
9.560000000000000000e+02,-3.139231740070051713e-04,3.670735476903376103e-06
9.570000000000000000e+02,-3.104078373025730446e-04,3.553229406302631608e-06
9.580000000000000000e+02,-3.070375926274841087e-04,3.446016884263147688e-06
9.590000000000000000e+02,-3.037987308605283278e-04,3.349112351713581062e-06
9.600000000000000000e+02,-3.006749564817632193e-04,3.262526324279056578e-06
9.610000000000000000e+02,-2.976482244098497187e-04,3.186266013857973383e-06
9.620000000000000000e+02,-2.946982378545898412e-04,3.120335987697414955e-06
9.630000000000000000e+02,-2.918041861445984332e-04,3.064738405439465618e-06
9.640000000000000000e+02,-2.889465428584438471e-04,3.019473104840911343e-06
9.650000000000000000e+02,-2.861066557870327516e-04,2.984537607866585979e-06
9.660000000000000000e+02,-2.832679420399535010e-04,2.959927017271379921e-06
9.670000000000000000e+02,-2.804167186699177590e-04,2.945633763480730993e-06
9.680000000000000000e+02,-2.775412003857708203e-04,2.941646969848269983e-06
9.690000000000000000e+02,-2.746316100283964566e-04,2.947951820464758628e-06
9.700000000000000000e+02,-2.716802297680715405e-04,2.964528493000355406e-06
9.710000000000000000e+02,-2.686806111309397271e-04,2.991349764832879608e-06
9.720000000000000000e+02,-2.656275194129448344e-04,3.028378120126840139e-06
9.730000000000000000e+02,-2.625169217300258196e-04,3.075560181011919991e-06
9.740000000000000000e+02,-2.593455779488751910e-04,3.132812042131393182e-06
9.750000000000000000e+02,-2.561110023165706021e-04,3.199979576026592906e-06
9.760000000000000000e+02,-2.528114515826656596e-04,3.276555773781504862e-06
9.770000000000000000e+02,-2.494457490997668576e-04,3.358852139366856601e-06
9.780000000000000000e+02,-2.460132638219964798e-04,3.440160568323852259e-06
9.790000000000000000e+02,-2.425139123782064335e-04,3.516516379393939710e-06
9.800000000000000000e+02,-2.389481488310026740e-04,3.587246699159142066e-06
9.810000000000000000e+02,-2.353169700259539381e-04,3.652160485809521743e-06
9.820000000000000000e+02,-2.316219402449439663e-04,3.711164500593934962e-06
9.830000000000000000e+02,-2.278653321377716056e-04,3.764199291628787675e-06
9.840000000000000000e+02,-2.240501333863475380e-04,3.811223418093205456e-06
9.850000000000000000e+02,-2.201800683858092726e-04,3.852207158255653247e-06
9.860000000000000000e+02,-2.162599178850651053e-04,3.887128088727896757e-06
9.870000000000000000e+02,-2.122954638419236777e-04,3.915969184585368684e-06
9.880000000000000000e+02,-2.082934057680596888e-04,3.938717714621555920e-06
9.890000000000000000e+02,-2.042617778446681400e-04,3.955364098052944918e-06
9.900000000000000000e+02,-2.002095762463853732e-04,3.965901424429072680e-06
9.910000000000000000e+02,-1.961462681874727063e-04,3.970325165759822899e-06
9.920000000000000000e+02,-1.920820766036286274e-04,3.968632850976546770e-06
9.930000000000000000e+02,-1.880272905845032717e-04,3.960823947540128338e-06
9.940000000000000000e+02,-1.839916000516298518e-04,3.946899830152883389e-06
9.950000000000000000e+02,-1.799844660226047595e-04,3.926863861236485381e-06
9.960000000000000000e+02,-1.760146391060338276e-04,3.900721460243789747e-06
9.970000000000000000e+02,-1.720897580156873809e-04,3.868480267647289864e-06
9.980000000000000000e+02,-1.682168272315543649e-04,3.830150672281311478e-06
9.990000000000000000e+02,-1.644020220776091796e-04,3.785746161674681302e-06
1.000000000000000000e+03,-1.606505223785052001e-04,3.735283896584274087e-06
1.001000000000000000e+03,-1.569669211553511895e-04,3.678786231846909666e-06
1.002000000000000000e+03,-1.533551452152204209e-04,3.616282026256395415e-06
1.003000000000000000e+03,-1.498183745018873136e-04,3.547809012774206556e-06
1.004000000000000000e+03,-1.463593148260488154e-04,3.473419958837560409e-06
1.005000000000000000e+03,-1.429801673384261459e-04,3.393192121911758629e-06
1.006000000000000000e+03,-1.396825920460150188e-04,3.307253946066453221e-06
1.007000000000000000e+03,-1.364678631680099749e-04,3.215893132377889838e-06
1.008000000000000000e+03,-1.333368607416250684e-04,3.119917405208771927e-06
1.009000000000000000e+03,-1.302900538478165876e-04,3.021433184997101013e-06
1.010000000000000000e+03,-1.273275571923258029e-04,2.923616830352841433e-06
1.011000000000000000e+03,-1.244491346449608444e-04,2.828819912259555611e-06
1.012000000000000000e+03,-1.216541997703434266e-04,2.737947911753864744e-06
1.013000000000000000e+03,-1.189417928714552432e-04,2.651323446466636440e-06
1.014000000000000000e+03,-1.163106146791888988e-04,2.569093032372790025e-06
1.015000000000000000e+03,-1.137590566836196642e-04,2.491339291207501568e-06
1.016000000000000000e+03,-1.112851004746801599e-04,2.418118503799992628e-06
1.017000000000000000e+03,-1.088863660317378656e-04,2.349471741746411359e-06
1.018000000000000000e+03,-1.065601551287544428e-04,2.285429598468544079e-06
1.019000000000000000e+03,-1.043032640499560884e-04,2.226016107841887259e-06
1.020000000000000000e+03,-1.021120727326639137e-04,2.171250249735923526e-06
1.021000000000000000e+03,-9.998263995032360127e-05,2.121146826293617763e-06
1.022000000000000000e+03,-9.791044079282093418e-05,2.075717638931331482e-06
1.023000000000000000e+03,-9.589052168148322775e-05,2.034971905892468687e-06
1.024000000000000000e+03,-9.391766229800052916e-05,1.998916519915896230e-06
1.025000000000000000e+03,-9.198604905050777902e-05,1.967556485653358472e-06
1.026000000000000000e+03,-9.008950624319926809e-05,1.940895057096190846e-06
1.027000000000000000e+03,-8.822174706657894916e-05,1.918933807610025807e-06
1.028000000000000000e+03,-8.637603003334897779e-05,1.901672721258414696e-06
1.029000000000000000e+03,-8.454548398326656100e-05,1.889110213209717455e-06
1.030000000000000000e+03,-8.272344818526015898e-05,1.881243100665983624e-06
1.031000000000000000e+03,-8.090313411443740479e-05,1.878066422075120413e-06
1.032000000000000000e+03,-7.907795899059242380e-05,1.879573360757120295e-06
1.033000000000000000e+03,-7.724185484046542380e-05,1.885755100927949349e-06
1.034000000000000000e+03,-7.538891119118781392e-05,1.896600285454741553e-06
1.035000000000000000e+03,-7.351358067506093112e-05,1.912094779436444833e-06
1.036000000000000000e+03,-7.161086421944190029e-05,1.932221302694012936e-06
1.037000000000000000e+03,-6.967598390616148670e-05,1.956958211105989859e-06
1.038000000000000000e+03,-6.770450311871971459e-05,1.986278783144942321e-06
1.039000000000000000e+03,-6.569244791300118437e-05,2.020149692355169585e-06
1.040000000000000000e+03,-6.363605595170085838e-05,2.058525590675199755e-06
1.041000000000000000e+03,-6.153187897429123756e-05,2.101338748809930846e-06
1.042000000000000000e+03,-5.937689036751563906e-05,2.148471623813074899e-06
1.043000000000000000e+03,-5.716830823092622111e-05,2.199689550595781251e-06
1.044000000000000000e+03,-5.490367827315502088e-05,2.254563205961026449e-06
1.045000000000000000e+03,-5.258095725888718312e-05,2.312429235624590176e-06
1.046000000000000000e+03,-5.019839598359500409e-05,2.372436264789218059e-06
1.047000000000000000e+03,-4.775459421148518937e-05,2.433739332973665689e-06
1.048000000000000000e+03,-4.524855552853044205e-05,2.495656362378928639e-06
1.049000000000000000e+03,-4.267962508686000883e-05,2.557666471481241467e-06
1.050000000000000000e+03,-4.004751781078675965e-05,2.619392035540811772e-06
1.051000000000000000e+03,-3.735234596612841009e-05,2.680568404602142972e-06
1.052000000000000000e+03,-3.459461214141507985e-05,2.740995983396722737e-06
1.053000000000000000e+03,-3.177520114528738357e-05,2.800521396484886785e-06
1.054000000000000000e+03,-2.889536694774743288e-05,2.859026613943582363e-06
1.055000000000000000e+03,-2.595676769938474191e-05,2.916413643586757703e-06
1.056000000000000000e+03,-2.296140577184060307e-05,2.972600143908250896e-06
1.057000000000000000e+03,-1.991155265579361901e-05,3.027517084366401417e-06
1.058000000000000000e+03,-1.680978909758361261e-05,3.081102763979437318e-06
1.059000000000000000e+03,-1.365887683512363858e-05,3.133301909459181824e-06
1.060000000000000000e+03,-1.046162006116650524e-05,3.184065326793746464e-06
1.061000000000000000e+03,-7.220908421639348649e-06,3.233346664012788821e-06
1.062000000000000000e+03,-3.939571912178033738e-06,3.281102411292345140e-06
1.063000000000000000e+03,-6.202479700575769125e-07,3.327292082491900586e-06
1.064000000000000000e+03,2.734538877644404591e-06,3.371875946543053628e-06
1.065000000000000000e+03,6.122472871776946678e-06,3.414815318552477013e-06
1.066000000000000000e+03,9.541529611418643480e-06,3.456072922710825035e-06
1.067000000000000000e+03,1.298987407556550292e-05,3.495610993454494587e-06
1.068000000000000000e+03,1.646591404987037867e-05,3.533391711805700303e-06
1.069000000000000000e+03,1.996834711553215164e-05,3.569377685150364359e-06
1.070000000000000000e+03,2.349605596615221770e-05,3.603530193712351784e-06
1.071000000000000000e+03,2.704813905406082698e-05,3.635809783954108504e-06
1.072000000000000000e+03,3.062393709193991515e-05,3.666176920860249488e-06
1.073000000000000000e+03,3.422292836751880413e-05,3.694590353149337210e-06
1.074000000000000000e+03,3.784473911150313297e-05,3.721007967636588276e-06
1.075000000000000000e+03,4.148914901636453046e-05,3.745387748373754333e-06
1.076000000000000000e+03,4.515598115791865497e-05,3.767686394026449801e-06
1.077000000000000000e+03,4.884510193980119540e-05,3.787860535758572499e-06
1.078000000000000000e+03,5.255642086244385642e-05,3.805868069257397598e-06
1.079000000000000000e+03,5.628977762487914429e-05,3.821667147731017937e-06
1.080000000000000000e+03,6.004493990183134910e-05,3.835217569443596902e-06
1.081000000000000000e+03,6.382159703850019271e-05,3.846482142117130420e-06
1.082000000000000000e+03,6.761923120074084823e-05,3.855425848558692901e-06
1.083000000000000000e+03,7.143710826478037431e-05,3.862016808876736299e-06
1.084000000000000000e+03,7.527426895787255935e-05,3.866227075921435893e-06
1.085000000000000000e+03,7.912938173705678100e-05,3.868031714490466505e-06
1.086000000000000000e+03,8.300075512615000272e-05,3.867409085589431854e-06
1.087000000000000000e+03,8.688635324301549427e-05,3.864341034955836855e-06
1.088000000000000000e+03,9.078361501845527281e-05,3.858812059810903630e-06
1.089000000000000000e+03,9.468950528500604349e-05,3.850809269304835404e-06
1.090000000000000000e+03,9.860057556118703313e-05,3.840322359281242680e-06
1.091000000000000000e+03,1.025127528575115859e-04,3.827343080434734758e-06
1.092000000000000000e+03,1.064214844009962464e-04,3.811865181622739988e-06
1.093000000000000000e+03,1.103219230045616870e-04,3.793884400366606827e-06
1.094000000000000000e+03,1.142087713093185809e-04,3.773398249501553673e-06
1.095000000000000000e+03,1.180765807275424014e-04,3.750406038383143712e-06
1.096000000000000000e+03,1.219200733211771716e-04,3.724908953518915552e-06
1.097000000000000000e+03,1.257340394483097304e-04,3.696910169559355213e-06
1.098000000000000000e+03,1.295136196456656073e-04,3.666415016145364410e-06
1.099000000000000000e+03,1.332545473442318365e-04,3.633431257188382250e-06
1.100000000000000000e+03,1.369530019251019657e-04,3.597969720954055097e-06
1.101000000000000000e+03,1.406057121481374167e-04,3.560044870944021328e-06
1.102000000000000000e+03,1.442100283484562084e-04,3.519675743354530873e-06
1.103000000000000000e+03,1.477637746329757396e-04,3.476888129138110988e-06
1.104000000000000000e+03,1.512652615576000239e-04,3.431717499846644749e-06
1.105000000000000000e+03,1.547133035473621939e-04,3.384217292639043771e-06
1.106000000000000000e+03,1.581071543811027596e-04,3.334497359593919024e-06
1.107000000000000000e+03,1.614465094611259948e-04,3.282903774087368776e-06
1.108000000000000000e+03,1.647315167728563784e-04,3.230744484928737583e-06
1.109000000000000000e+03,1.679628055679615282e-04,3.180887685577821329e-06
1.110000000000000000e+03,1.711414831993556430e-04,3.135912883842271090e-06
1.111000000000000000e+03,1.742691463175008481e-04,3.096767840063500745e-06
1.112000000000000000e+03,1.773480299837337272e-04,3.063725698473952876e-06
1.113000000000000000e+03,1.803810126868948761e-04,3.036901184297446363e-06
1.114000000000000000e+03,1.833716408161520036e-04,3.016358551695236309e-06
1.115000000000000000e+03,1.863244492950072320e-04,3.002140655098332275e-06
1.116000000000000000e+03,1.892449467831925963e-04,2.994277894401172095e-06
1.117000000000000000e+03,1.921396027357876021e-04,2.992792259584453093e-06
1.118000000000000000e+03,1.950163472245107586e-04,2.997700355772467604e-06
1.119000000000000000e+03,1.978843462843715435e-04,3.009014656154950832e-06
1.120000000000000000e+03,2.007536725538251797e-04,3.026744219548513299e-06
1.121000000000000000e+03,2.036357443326541580e-04,3.050895452068246611e-06
1.122000000000000000e+03,2.065426308971097169e-04,3.081472423229142396e-06
1.123000000000000000e+03,2.094862750521591830e-04,3.118477041475790181e-06
1.124000000000000000e+03,2.124788447920017279e-04,3.161909183977416010e-06
1.125000000000000000e+03,2.155319598704936968e-04,3.211766741766335963e-06
1.126000000000000000e+03,2.186560272267242542e-04,3.268045572976902179e-06
1.127000000000000000e+03,2.218608030811456853e-04,3.330739188265333916e-06
1.128000000000000000e+03,2.251550518845065331e-04,3.399838564164496089e-06
1.129000000000000000e+03,2.285462766402723389e-04,3.475331791797330130e-06
1.130000000000000000e+03,2.320413064580921080e-04,3.557202996138095883e-06
1.131000000000000000e+03,2.356461732889584052e-04,3.645431540877608217e-06
1.132000000000000000e+03,2.393659901159169172e-04,3.739990640159851329e-06
1.133000000000000000e+03,2.432053899177422183e-04,3.840843684795126977e-06
1.134000000000000000e+03,2.471684477578588147e-04,3.947940430137256870e-06
1.135000000000000000e+03,2.512585919986222958e-04,4.061209730182293039e-06
1.136000000000000000e+03,2.554789054056255367e-04,4.180541692006292689e-06
1.137000000000000000e+03,2.598320687024777229e-04,4.305765767415791049e-06
1.138000000000000000e+03,2.643202987148558195e-04,4.436615410732341091e-06
1.139000000000000000e+03,2.689455485404147316e-04,4.572666719788791325e-06
1.140000000000000000e+03,2.737094730404979583e-04,4.713322588558982062e-06
1.141000000000000000e+03,2.786133904345600458e-04,4.857848956757748499e-06
1.142000000000000000e+03,2.836584049900077844e-04,5.005423412300535951e-06
1.143000000000000000e+03,2.888453858914778196e-04,5.155258998297927883e-06
1.144000000000000000e+03,2.941749400468966270e-04,5.306694544642080680e-06
1.145000000000000000e+03,2.996474658305488302e-04,5.459179540486949154e-06
1.146000000000000000e+03,3.052631416762681101e-04,5.612273509023076537e-06
1.147000000000000000e+03,3.110219120501398686e-04,5.765634180294068043e-06
1.148000000000000000e+03,3.169234865119196056e-04,5.918975257364141078e-06
1.149000000000000000e+03,3.229673369296160563e-04,6.072053664153730031e-06
1.150000000000000000e+03,3.291526875375364882e-04,6.224661426514537290e-06
1.151000000000000000e+03,3.354784471327740595e-04,6.376604429249517208e-06
1.152000000000000000e+03,3.419432160783304015e-04,6.527697965796888084e-06
1.153000000000000000e+03,3.485452931784077842e-04,6.677763302824861763e-06
1.154000000000000000e+03,3.552825367816826924e-04,6.826611413755939423e-06
1.155000000000000000e+03,3.621524170080963733e-04,6.974037942228969362e-06
1.156000000000000000e+03,3.691520662993769911e-04,7.119814365230300971e-06
1.157000000000000000e+03,3.762780560054323521e-04,7.263654921916730914e-06
1.158000000000000000e+03,3.835264702987410592e-04,7.405184528620213241e-06
1.159000000000000000e+03,3.908929702760139909e-04,7.543863051910312878e-06
1.160000000000000000e+03,3.983724518554974362e-04,7.678747255211071143e-06
1.161000000000000000e+03,4.059591501068667225e-04,7.808032317594223952e-06
1.162000000000000000e+03,4.136467461885801533e-04,7.928115477575356957e-06
1.163000000000000000e+03,4.214278841492397586e-04,8.033407914153726042e-06
1.164000000000000000e+03,4.292943938047873230e-04,8.119610195464065607e-06
1.165000000000000000e+03,4.372375265584594749e-04,8.185439661236327481e-06
1.166000000000000000e+03,4.452473153369293263e-04,8.230679245668495999e-06
1.167000000000000000e+03,4.533129149885877038e-04,8.255223713760290112e-06
1.168000000000000000e+03,4.614229320544860694e-04,8.258991586003107562e-06
1.169000000000000000e+03,4.695645535663541112e-04,8.241921794083886639e-06
1.170000000000000000e+03,4.777239205999868604e-04,8.203969339520254822e-06
1.171000000000000000e+03,4.858864558295943829e-04,8.145101127441384332e-06
1.172000000000000000e+03,4.940355913160223876e-04,8.065291989394094091e-06
1.173000000000000000e+03,5.021531487763887525e-04,7.964522690492820367e-06
1.174000000000000000e+03,5.102196490705400607e-04,7.842778705303837331e-06
1.175000000000000000e+03,5.182124193735999657e-04,7.700049077385033239e-06
1.176000000000000000e+03,5.261059805892917508e-04,7.536325870898762295e-06
1.177000000000000000e+03,5.338723758111746202e-04,7.351603826007389682e-06
1.178000000000000000e+03,5.414784719458057543e-04,7.145880046978345384e-06
1.179000000000000000e+03,5.488869745224239692e-04,6.919153860993072956e-06
1.180000000000000000e+03,5.560580059083062958e-04,6.671426784957966256e-06
1.181000000000000000e+03,5.629472700000324797e-04,6.402702689406611846e-06
1.182000000000000000e+03,5.695102338239243752e-04,6.112987915572508783e-06
1.183000000000000000e+03,5.757068881122465523e-04,5.802291530687116405e-06
1.184000000000000000e+03,5.815012300152813457e-04,5.470626112624412826e-06
1.185000000000000000e+03,5.868636703032923318e-04,5.118008307697310260e-06
1.186000000000000000e+03,5.917720419110464227e-04,4.744459731312490563e-06
1.187000000000000000e+03,5.962088382800531010e-04,4.350009231283888164e-06
1.188000000000000000e+03,6.001605199939185568e-04,3.934694752674656041e-06
1.189000000000000000e+03,6.036169798166841297e-04,3.498566303648710032e-06
1.190000000000000000e+03,6.065700412487589266e-04,3.041692810755292076e-06
1.191000000000000000e+03,6.090131113135859985e-04,2.564168032194655396e-06
1.192000000000000000e+03,6.109410067157771762e-04,2.066119180540621867e-06
1.193000000000000000e+03,6.123493685778127896e-04,1.547725065883231107e-06
1.194000000000000000e+03,6.132345768775907717e-04,1.009225713983387257e-06
1.195000000000000000e+03,6.135937203209715493e-04,4.509309124575697936e-07
1.196000000000000000e+03,6.134243476074564914e-04,-1.267547204609551868e-07
1.197000000000000000e+03,6.127244550278346767e-04,-7.233326202962547304e-07
1.198000000000000000e+03,6.114924968755874879e-04,-1.338202738500477184e-06
1.199000000000000000e+03,6.097272870747742291e-04,-1.970583995558630822e-06
1.200000000000000000e+03,6.074280110247267305e-04,-2.619421823746028009e-06
1.201000000000000000e+03,6.045942476688335402e-04,-3.283081076017861304e-06
1.202000000000000000e+03,6.012259620791374302e-04,-3.957930476111050948e-06
1.203000000000000000e+03,5.973235189428607698e-04,-4.632679568978531554e-06
1.204000000000000000e+03,5.928877100875916493e-04,-5.281352909860831237e-06
1.205000000000000000e+03,5.879198504885915604e-04,-5.885535237702031541e-06
1.206000000000000000e+03,5.824218175069235514e-04,-6.443814259948943914e-06
1.207000000000000000e+03,5.763961244256115939e-04,-6.955758750734844322e-06
1.208000000000000000e+03,5.698462164041831392e-04,-7.421138002515742669e-06
1.209000000000000000e+03,5.627766121555053975e-04,-7.839819888790063235e-06
1.210000000000000000e+03,5.551931733489852807e-04,-8.211721609652670664e-06
1.211000000000000000e+03,5.471040551765109011e-04,-8.536786800813719696e-06
1.212000000000000000e+03,5.385204401560726283e-04,-8.814975910781244273e-06
1.213000000000000000e+03,5.294581176724724725e-04,-9.046261030691825581e-06
1.214000000000000000e+03,5.199425345638822174e-04,-9.230621967497292131e-06
1.215000000000000000e+03,5.100158180455429281e-04,-9.368044331424823349e-06
1.216000000000000000e+03,4.997523563985491364e-04,-9.458518385876264306e-06
1.217000000000000000e+03,4.892910464305346438e-04,-9.502038016958870605e-06
1.218000000000000000e+03,4.788259356777987475e-04,-9.498600300277095629e-06
1.219000000000000000e+03,4.685370238374051842e-04,-9.448205333195189626e-06
1.220000000000000000e+03,4.585416026577477343e-04,-9.350856256055254759e-06
1.221000000000000000e+03,4.488981424513383608e-04,-9.206559476836733913e-06
1.222000000000000000e+03,4.396343714986565435e-04,-9.015325200057559105e-06
1.223000000000000000e+03,4.307672495891413781e-04,-8.777168648501741864e-06
1.224000000000000000e+03,4.223084836833600024e-04,-8.492111591423245198e-06
1.225000000000000000e+03,4.142663006965518536e-04,-8.160185102537899574e-06
1.226000000000000000e+03,4.066468871293326499e-04,-7.781435635200361763e-06
1.227000000000000000e+03,3.994548860959170602e-04,-7.355935561949252766e-06
1.228000000000000000e+03,3.926936781711845765e-04,-6.883810470192027585e-06
1.229000000000000000e+03,3.863657584439616111e-04,-6.365352256475259702e-06
1.230000000000000000e+03,3.804728615946750261e-04,-5.802603495040133915e-06
1.231000000000000000e+03,3.750160255767248088e-04,-5.234049230253082704e-06
1.232000000000000000e+03,3.699956631046576335e-04,-4.696803252182252706e-06
1.233000000000000000e+03,3.654115758276897316e-04,-4.191450241635480370e-06
1.234000000000000000e+03,3.612629302898796879e-04,-3.718175020535524987e-06
1.235000000000000000e+03,3.575481272381274907e-04,-3.277075430909893756e-06
1.236000000000000000e+03,3.542647238721298485e-04,-2.868212253318591749e-06
1.237000000000000000e+03,3.514092720569248493e-04,-2.491625775070588766e-06
1.238000000000000000e+03,3.489767586489934807e-04,-2.147344469683741957e-06
1.239000000000000000e+03,3.469601498137634440e-04,-1.835388783527764106e-06
1.240000000000000000e+03,3.453494299780541957e-04,-1.555773192043252201e-06
1.241000000000000000e+03,3.441286199213471888e-04,-1.308507882048869197e-06
1.242000000000000000e+03,3.432714713946316901e-04,-1.093599511857717234e-06
1.243000000000000000e+03,3.427315494428125183e-04,-9.110516279914927433e-07
1.244000000000000000e+03,3.424224020684966561e-04,-7.608649891160417575e-07
1.245000000000000000e+03,3.422258842664868401e-04,-6.430376182671497525e-07
1.246000000000000000e+03,3.420370421144865451e-04,-5.575646574430652298e-07
1.247000000000000000e+03,3.417892932290575209e-04,-5.044378857771871266e-07
1.248000000000000000e+03,3.414476945887898987e-04,-4.836451381813349954e-07
1.249000000000000000e+03,3.409940005360398625e-04,-4.951692731568578653e-07
1.250000000000000000e+03,3.404166802174321462e-04,-5.389859245455862251e-07
1.251000000000000000e+03,3.397078911503196804e-04,-6.150605060439671897e-07
1.252000000000000000e+03,3.388622733140261921e-04,-7.233423068671637088e-07
1.253000000000000000e+03,3.378759373311169254e-04,-8.637496942389031450e-07
1.254000000000000000e+03,3.367461176312050875e-04,-1.036133004567563736e-06
1.255000000000000000e+03,3.354709937203622207e-04,-1.240078237381731420e-06
1.256000000000000000e+03,3.340494715641255299e-04,-1.459708298229488760e-06
1.257000000000000000e+03,3.324811199231812254e-04,-1.669561424900950307e-06
1.258000000000000000e+03,3.307661556295251335e-04,-1.859418617850446936e-06
1.259000000000000000e+03,3.289054776149564238e-04,-2.028857589100374211e-06
1.260000000000000000e+03,3.269006943856114333e-04,-2.177723461041991449e-06
1.261000000000000000e+03,3.247542054016973475e-04,-2.305933395962197171e-06
1.262000000000000000e+03,3.224695270358975412e-04,-2.413434609378927517e-06
1.263000000000000000e+03,3.200514915708090849e-04,-2.500191048506643797e-06
1.264000000000000000e+03,3.175066420827112783e-04,-2.566177501662113487e-06
1.265000000000000000e+03,3.148444966841334883e-04,-2.611375691304681683e-06
1.266000000000000000e+03,3.120787722691979477e-04,-2.635772500898495717e-06
1.267000000000000000e+03,3.092297825912572093e-04,-2.639358962716131719e-06
1.268000000000000000e+03,3.063301105560334607e-04,-2.622129352048706956e-06
1.269000000000000000e+03,3.034263500511684224e-04,-2.584080820817524277e-06
1.270000000000000000e+03,3.005735409203540783e-04,-2.525213254519583976e-06
1.271000000000000000e+03,2.978255003833636932e-04,-2.445529270717686153e-06
1.272000000000000000e+03,2.952228316263050246e-04,-2.345034383054882963e-06
1.273000000000000000e+03,2.927907481070782052e-04,-2.223737399411143672e-06
1.274000000000000000e+03,2.905455622362665673e-04,-2.081651362136051570e-06
1.275000000000000000e+03,2.884980542120530204e-04,-1.918794667334028694e-06
1.276000000000000000e+03,2.866552894314996266e-04,-1.735193056876572093e-06
1.277000000000000000e+03,2.850222758159031669e-04,-1.530883991757589741e-06
1.278000000000000000e+03,2.836025212754242331e-04,-1.305923745068025126e-06
1.279000000000000000e+03,2.823983087459192953e-04,-1.060404303032083581e-06
1.280000000000000000e+03,2.814110458210141038e-04,-7.945110979112290393e-07
1.281000000000000000e+03,2.806413495437395326e-04,-5.088834343673189651e-07
1.282000000000000000e+03,2.800890608896999877e-04,-2.334238181524793386e-07
1.283000000000000000e+03,2.797532485761834438e-04,1.752920374642859288e-09
1.284000000000000000e+03,2.796321451898790898e-04,1.957836014669238780e-07
1.285000000000000000e+03,2.797229980064246699e-04,3.484676981229414427e-07
1.286000000000000000e+03,2.800216692708660301e-04,4.597078716936676114e-07
1.287000000000000000e+03,2.805221964295268413e-04,5.294461689264398928e-07
1.288000000000000000e+03,2.812159137960562084e-04,5.576453355088354413e-07
1.289000000000000000e+03,2.820889570717450439e-04,5.442797558310676057e-07
1.290000000000000000e+03,2.831170878948152799e-04,4.893315765525420389e-07
1.291000000000000000e+03,2.842465681718772110e-04,3.927886583541964762e-07
1.292000000000000000e+03,2.853489303891502092e-04,2.546429922016513437e-07
1.293000000000000000e+03,2.862429363109288832e-04,7.488999900264975788e-08
1.294000000000000000e+03,2.867837612451778779e-04,-1.464718169312552700e-07
1.295000000000000000e+03,2.868884232048315931e-04,-4.094410568663692914e-07
1.296000000000000000e+03,2.865130973837038157e-04,-7.140133805211570365e-07
1.297000000000000000e+03,2.856340832095449907e-04,-1.060181231433946228e-06
1.298000000000000000e+03,2.842360703179105594e-04,-1.447933109567180538e-06
1.299000000000000000e+03,2.823085052947419153e-04,-1.877252746024865830e-06
1.300000000000000000e+03,2.798440864459692109e-04,-2.348117693534200526e-06
1.301000000000000000e+03,2.768373293746830650e-04,-2.860496325323999930e-06
1.302000000000000000e+03,2.732841447553497911e-04,-3.414343801804957469e-06
1.303000000000000000e+03,2.691816330075394079e-04,-4.009594127120396510e-06
1.304000000000000000e+03,2.645276989680558758e-04,-4.646140344295239365e-06
1.305000000000000000e+03,2.593209759123409606e-04,-5.323785013764267151e-06
1.306000000000000000e+03,2.535608009119110699e-04,-6.041984094947301350e-06
1.307000000000000000e+03,2.472471197837914736e-04,-6.763881477178836805e-06
1.308000000000000000e+03,2.403804785331926171e-04,-7.447018554464629956e-06
1.309000000000000000e+03,2.329620442144249238e-04,-8.085034040450764161e-06
1.310000000000000000e+03,2.249936895596587683e-04,-8.677462458513991779e-06
1.311000000000000000e+03,2.164780619866742129e-04,-9.224122588558697537e-06
1.312000000000000000e+03,2.074187222918813739e-04,-9.724916693571782967e-06
1.313000000000000000e+03,1.978205549786733145e-04,-1.017978273791299721e-05
1.314000000000000000e+03,1.876901013148581554e-04,-1.058867863228090359e-05
1.315000000000000000e+03,1.770361615423419663e-04,-1.095157513244831622e-05
1.316000000000000000e+03,1.658716144520473192e-04,-1.126845114381080545e-05
1.317000000000000000e+03,1.542162108186398504e-04,-1.153929153992026287e-05
1.318000000000000000e+03,1.421043365620301647e-04,-1.176408590000570036e-05
1.319000000000000000e+03,1.296039879588513919e-04,-1.194282740662145359e-05
1.320000000000000000e+03,1.168241317275392277e-04,-1.207551236750976678e-05
1.321000000000000000e+03,1.038986267685017235e-04,-1.216213999544860169e-05
1.322000000000000000e+03,9.096488678015265093e-05,-1.220271233621700300e-05
1.323000000000000000e+03,7.813750812497045884e-05,-1.219723437525261122e-05
1.324000000000000000e+03,6.549954031192701284e-05,-1.214571436353747389e-05
1.325000000000000000e+03,5.311480156614956235e-05,-1.204816462561243871e-05
1.326000000000000000e+03,4.103171572638777780e-05,-1.190460243925590768e-05
1.327000000000000000e+03,2.928577131059176299e-05,-1.171505149050897688e-05
1.328000000000000000e+03,1.790556733877207395e-05,-1.147954487410749938e-05
1.329000000000000000e+03,6.913934410877694780e-06,-1.119812887401694395e-05
1.330000000000000000e+03,-3.671582839647057608e-06,-1.087086981899574987e-05
1.331000000000000000e+03,-1.383639248278322832e-05,-1.049786997559205224e-05
1.332000000000000000e+03,-2.356855919280333129e-05,-1.007930080655997344e-05
1.333000000000000000e+03,-3.285868556629517628e-05,-9.615483438342399460e-06
1.334000000000000000e+03,-4.169884028249053355e-05,-9.107349858465746409e-06
1.335000000000000000e+03,-5.008243899148917571e-05,-8.565307011811027366e-06
1.336000000000000000e+03,-5.800419686064911551e-05,-8.008293384054457209e-06
1.337000000000000000e+03,-6.545959472516410613e-05,-7.448318477845265522e-06
1.338000000000000000e+03,-7.244483708193066710e-05,-6.889126673101128444e-06
1.339000000000000000e+03,-7.895684551942577616e-05,-6.332261078054349841e-06
1.340000000000000000e+03,-8.499298892214888416e-05,-5.778707212096490340e-06
1.341000000000000000e+03,-9.055107108531704305e-05,-5.229243501310207169e-06
1.342000000000000000e+03,-9.562933490040724006e-05,-4.684562823532911134e-06
1.343000000000000000e+03,-1.002263247586467315e-04,-4.145399706263323632e-06
1.344000000000000000e+03,-1.043408890065694578e-04,-3.612581280183251983e-06
1.345000000000000000e+03,-1.079721932885644098e-04,-3.087077655537724463e-06
1.346000000000000000e+03,-1.111196689533440848e-04,-2.570111183645184341e-06
1.347000000000000000e+03,-1.137830175944787081e-04,-2.063083729023973517e-06
1.348000000000000000e+03,-1.159622214064877469e-04,-1.567353577765007621e-06
1.349000000000000000e+03,-1.176575619178255586e-04,-1.084044032883834596e-06
1.350000000000000000e+03,-1.188696188094189249e-04,-6.138986677057249751e-07
1.351000000000000000e+03,-1.195992800809578206e-04,-1.573246791184385138e-07
1.352000000000000000e+03,-1.198478503058545693e-04,2.854519505470715662e-07
1.353000000000000000e+03,-1.196170661106503100e-04,7.142999658082195311e-07
1.354000000000000000e+03,-1.189091375123028644e-04,1.129139844807720058e-06
1.355000000000000000e+03,-1.177270130823725533e-04,1.529918034856235477e-06
1.356000000000000000e+03,-1.160744708885459297e-04,1.916596923984828643e-06
1.357000000000000000e+03,-1.139563057518378744e-04,2.289149865054550795e-06
1.358000000000000000e+03,-1.113790787044219999e-04,2.647557133588868847e-06
1.359000000000000000e+03,-1.083516625656243338e-04,2.991804225925986863e-06
1.360000000000000000e+03,-1.048863576500762062e-04,3.321880879674943067e-06
1.361000000000000000e+03,-1.010022081476155237e-04,3.637780043736309493e-06
1.362000000000000000e+03,-9.672805404810090103e-05,3.939497490696078268e-06
1.363000000000000000e+03,-9.210586809519110860e-05,4.227031641563035760e-06
1.364000000000000000e+03,-8.719308822582457169e-05,4.500383440571761004e-06
1.365000000000000000e+03,-8.204947988510944681e-05,4.759556438211115214e-06
1.366000000000000000e+03,-7.672155992122348090e-05,5.004557065332451871e-06
1.367000000000000000e+03,-7.124174062846397131e-05,5.235395310945982512e-06
1.368000000000000000e+03,-6.563096922614193791e-05,5.452085539188370833e-06
1.369000000000000000e+03,-5.990228868814387569e-05,5.654647998249521379e-06
1.370000000000000000e+03,-5.406479110084852182e-05,5.843112385490390934e-06
1.371000000000000000e+03,-4.812499757017825924e-05,6.017523708581423332e-06
1.372000000000000000e+03,-4.208752922860534856e-05,6.177956939906715465e-06
1.373000000000000000e+03,-3.595590944555865994e-05,6.324574240048535116e-06
1.374000000000000000e+03,-2.973279290299837830e-05,6.457991632211184767e-06
1.375000000000000000e+03,-2.342008511824047862e-05,6.580677958910626731e-06
1.376000000000000000e+03,-1.701920742226753415e-05,6.695568521013697743e-06
1.377000000000000000e+03,-1.053115469323528705e-05,6.803829860358750091e-06
1.378000000000000000e+03,-3.956528891092263090e-06,6.905734742033453395e-06
1.379000000000000000e+03,2.704337441100742144e-06,7.001399329705955376e-06
1.380000000000000000e+03,9.451348953366248211e-06,7.090891399805052283e-06
1.381000000000000000e+03,1.628462098361247798e-05,7.174254979565807340e-06
1.382000000000000000e+03,2.320441130770955755e-05,7.251521818320782491e-06
1.383000000000000000e+03,3.021109236325908602e-05,7.322715718550976985e-06
1.384000000000000000e+03,3.730512990258274587e-05,7.387854725499414024e-06
1.385000000000000000e+03,4.448705200839020527e-05,7.446953111033415316e-06
1.386000000000000000e+03,5.175742582942107422e-05,7.500022181599548632e-06
1.387000000000000000e+03,5.911683424749504057e-05,7.547070775576734246e-06
1.388000000000000000e+03,6.656586237107313528e-05,7.588105934343087266e-06
1.389000000000000000e+03,7.410506702414938307e-05,7.623133173296120037e-06
1.390000000000000000e+03,8.173494906049431018e-05,7.652156679294833808e-06
1.391000000000000000e+03,8.945595687530809119e-05,7.675179629753780039e-06
1.392000000000000000e+03,9.726846831367891072e-05,7.692204350720740886e-06
1.393000000000000000e+03,1.051727777923963008e-04,7.703232453069470343e-06
1.394000000000000000e+03,1.131691100131302925e-04,7.708265021127395046e-06
1.395000000000000000e+03,1.212576213161710735e-04,7.707302736241715741e-06
1.396000000000000000e+03,1.294384057144237299e-04,7.700345983471402881e-06
1.397000000000000000e+03,1.377115125677230982e-04,7.687394958484021734e-06
1.398000000000000000e+03,1.460769627909538979e-04,7.668449745946827466e-06
1.399000000000000000e+03,1.545347627423279918e-04,7.643510373721134206e-06
1.400000000000000000e+03,1.629925626937020857e-04,7.618571001495440945e-06
