1.850000000000000000e+02,1.942597428889151351e-02,2.507458934019279190e-02
1.860000000000000000e+02,3.449917292642861594e-02,1.668490803177930665e-02
1.870000000000000000e+02,4.957237156396571837e-02,8.295226723365814459e-03
1.880000000000000000e+02,5.694361448301582529e-02,1.498254567589869498e-03
1.890000000000000000e+02,5.661290244495342100e-02,-3.706008423590201762e-03
1.900000000000000000e+02,4.858023864469592640e-02,-7.317562233213101286e-03
1.910000000000000000e+02,3.738464369349972505e-02,-9.336406851533914780e-03
1.920000000000000000e+02,2.756514450529830296e-02,-9.762542285391632990e-03
1.930000000000000000e+02,1.912175123313095831e-02,-8.595968582125489144e-03
1.940000000000000000e+02,1.205446550957407770e-02,-6.659389100669324373e-03
1.950000000000000000e+02,6.363287629141918707e-03,-4.876990839159114043e-03
1.960000000000000000e+02,2.048217055346010940e-03,-3.350257532934849611e-03
1.970000000000000000e+02,-8.907480448185384377e-04,-2.079189256454746278e-03
1.980000000000000000e+02,-2.453613412859896332e-03,-1.063786033092299025e-03
1.990000000000000000e+02,-2.640421539265971288e-03,-3.040478678341690540e-04
2.000000000000000000e+02,-2.180031930938287205e-03,2.000252495570415594e-04
2.010000000000000000e+02,-1.801277270731005973e-03,4.484333623022098607e-04
2.020000000000000000e+02,-1.504172909346863235e-03,4.411769310923928486e-04
2.030000000000000000e+02,-1.288725236493581125e-03,3.096534197658351128e-04
2.040000000000000000e+02,-1.154938157314011312e-03,1.852599182527180674e-04
2.050000000000000000e+02,-1.102814475149224791e-03,6.799649448009660298e-05
2.060000000000000000e+02,-1.132356410893587545e-03,-4.213683194754110864e-05
2.070000000000000000e+02,-1.243565877185354813e-03,-1.451400580386692850e-04
2.080000000000000000e+02,-1.436444711334009970e-03,-2.410131939576578956e-04
2.090000000000000000e+02,-1.710994949488616823e-03,-3.297562712417905894e-04
2.100000000000000000e+02,-2.067219218825260777e-03,-4.113693907886450669e-04
2.110000000000000000e+02,-2.505121524125664655e-03,-4.912516746499481606e-04
2.120000000000000000e+02,-3.024709723558439284e-03,-5.748044549026825201e-04
2.130000000000000000e+02,-3.626014676578688794e-03,-6.620300929808746026e-04
2.140000000000000000e+02,-4.316681694727588121e-03,-7.529286858410528258e-04
2.150000000000000000e+02,-5.104339232132503595e-03,-8.475002666197060767e-04
2.160000000000000000e+02,-5.988998347039352702e-03,-9.457448479139919390e-04
2.170000000000000000e+02,-6.970662497611198639e-03,-1.047662430547392862e-03
2.180000000000000000e+02,-8.049333186053988717e-03,-1.153253003897601343e-03
2.190000000000000000e+02,-9.225011052703225439e-03,-1.262516538097919723e-03
2.200000000000000000e+02,-1.049769618838473743e-02,-1.375452942846693179e-03
2.210000000000000000e+02,-1.186738817388438560e-02,-1.483831567578227815e-03
2.220000000000000000e+02,-1.333408589475077594e-02,-1.551502360111789739e-03
2.230000000000000000e+02,-1.489778686271417407e-02,-1.550545786702723977e-03
2.240000000000000000e+02,-1.655848406954963520e-02,-1.480961766227300398e-03
2.250000000000000000e+02,-1.820363922544237720e-02,-1.342750274954750784e-03
2.260000000000000000e+02,-1.958973842024106307e-02,-1.135911307818467846e-03
2.270000000000000000e+02,-2.058579585808588061e-02,-8.604448732636982549e-04
2.280000000000000000e+02,-2.119180513579246514e-02,-5.163510001589977777e-04
2.290000000000000000e+02,-2.140776410315103559e-02,-1.036297768470770161e-04
2.300000000000000000e+02,-2.123367189270499930e-02,3.777179368745158081e-04
2.310000000000000000e+02,-2.066952830750919817e-02,8.532564462887469968e-04
2.320000000000000000e+02,-1.971533371300673854e-02,1.248550748429702291e-03
2.330000000000000000e+02,-1.837108924361396251e-02,1.563600713410066324e-03
2.340000000000000000e+02,-1.663679766608150423e-02,1.798406300990116734e-03
2.350000000000000000e+02,-1.451246780218067543e-02,1.952967496689775144e-03
2.360000000000000000e+02,-1.227748470848075493e-02,2.027284299934019318e-03
2.370000000000000000e+02,-1.021124708879090834e-02,2.021356723977225153e-03
2.380000000000000000e+02,-8.313778924893842903e-03,1.935184807977672131e-03
2.390000000000000000e+02,-6.585085014866809243e-03,1.768768683031327234e-03
2.400000000000000000e+02,-5.025167289608964936e-03,1.546405508618928053e-03
2.410000000000000000e+02,-3.634026608297429625e-03,1.317505686879659769e-03
2.420000000000000000e+02,-2.411663239556684473e-03,1.107182709401672996e-03
2.430000000000000000e+02,-1.358076990662409906e-03,9.154367745617330524e-04
2.440000000000000000e+02,-4.732671659752140216e-04,7.422679604757862664e-04
2.450000000000000000e+02,2.427676614167803830e-04,5.876763078559566313e-04
2.460000000000000000e+02,7.900302537846664013e-04,4.516618391742660034e-04
2.470000000000000000e+02,1.168526522841216095e-03,3.342245655514646994e-04
2.480000000000000000e+02,1.378273927511881273e-03,2.353644893236994846e-04
2.490000000000000000e+02,1.481760808847937998e-03,1.550816039919042627e-04
2.500000000000000000e+02,1.556995489132193987e-03,9.337589066803451694e-05
2.510000000000000000e+02,1.619525659513769466e-03,5.024730531310723619e-05
2.520000000000000000e+02,1.669371020461160983e-03,2.569571719267215368e-05
2.530000000000000000e+02,1.706539983740794743e-03,1.153865729265906600e-05
2.540000000000000000e+02,1.731037743571322727e-03,-1.244403964316310775e-06
2.550000000000000000e+02,1.742868168359045953e-03,-1.349172968427531835e-05
2.560000000000000000e+02,1.742034533736773472e-03,-2.520345606395862418e-05
2.570000000000000000e+02,1.728539924457691461e-03,-3.637963222163525151e-05
2.580000000000000000e+02,1.702387521132105869e-03,-4.702028135285582212e-05
2.590000000000000000e+02,1.663580879621936928e-03,-5.712541426674360952e-05
2.600000000000000000e+02,1.612124285362280833e-03,-6.669503384124924488e-05
2.610000000000000000e+02,1.548023258037991515e-03,-7.572913671628341502e-05
2.620000000000000000e+02,1.471285398245554933e-03,-8.422771411989352747e-05
2.630000000000000000e+02,1.381922054607424106e-03,-9.219075295878296659e-05
2.640000000000000000e+02,1.279952278745117049e-03,-9.961823786126046713e-05
2.650000000000000000e+02,1.165417046004461497e-03,-1.065101539865191823e-04
2.660000000000000000e+02,1.038557557383874147e-03,-1.128664895615643287e-04
2.670000000000000000e+02,9.050361493347451039e-04,-1.186872373660274112e-04
2.680000000000000000e+02,7.703474995279360532e-04,-1.239723954097325155e-04
2.690000000000000000e+02,6.345498141513561266e-04,-1.287219675221017590e-04
2.700000000000000000e+02,4.976629438804293891e-04,-1.329359646675560278e-04
2.710000000000000000e+02,3.596968657216148449e-04,-1.366144080399126122e-04
2.720000000000000000e+02,2.206574374681305396e-04,-1.397573364348701807e-04
2.730000000000000000e+02,8.054840368699895119e-05,-1.423648275147626539e-04
2.740000000000000000e+02,-6.062771119456645532e-05,-1.444370904583160218e-04
2.750000000000000000e+02,-2.028691396628958844e-04,-1.461608059135227351e-04
2.760000000000000000e+02,-3.461746145971974988e-04,-1.477337795282889681e-04
2.770000000000000000e+02,-4.905432151381237558e-04,-1.491674493199925794e-04
2.780000000000000000e+02,-6.359742633510570868e-04,-1.504620269028414154e-04
2.790000000000000000e+02,-7.824672514042955085e-04,-1.516175950341950619e-04
2.800000000000000000e+02,-9.300217816577523644e-04,-1.526341967439173437e-04
2.810000000000000000e+02,-1.078637510175943504e-03,-1.535118564634727620e-04
2.820000000000000000e+02,-1.228314093474412770e-03,-1.542505879058947925e-04
2.830000000000000000e+02,-1.379051138001515225e-03,-1.548503974438491496e-04
2.840000000000000000e+02,-1.530848151576523486e-03,-1.553112854658174791e-04
2.850000000000000000e+02,-1.683704495679092016e-03,-1.556332466643043982e-04
2.860000000000000000e+02,-1.837619328619111061e-03,-1.558162694853984336e-04
2.870000000000000000e+02,-1.992591522692086382e-03,-1.558603347452564860e-04
2.880000000000000000e+02,-2.148619536504584298e-03,-1.557654132133494526e-04
2.890000000000000000e+02,-2.305701192530106285e-03,-1.555314621532773839e-04
2.900000000000000000e+02,-2.463833244210837225e-03,-1.551584216487724506e-04
2.910000000000000000e+02,-2.623010423609537043e-03,-1.546462131302872459e-04
2.920000000000000000e+02,-2.783222686086648991e-03,-1.539947441441263812e-04
2.930000000000000000e+02,-2.944438591016954303e-03,-1.532039191737532549e-04
2.940000000000000000e+02,-3.104665274012129769e-03,-1.522736492336481762e-04
2.950000000000000000e+02,-3.261884912290142786e-03,-1.512038553711201889e-04
2.960000000000000000e+02,-3.416039167569613188e-03,-1.499944675263733293e-04
2.970000000000000000e+02,-3.567115519750995323e-03,-1.486454212062390877e-04
2.980000000000000000e+02,-3.715107912510205897e-03,-1.471566536266145692e-04
2.990000000000000000e+02,-3.860012667988203718e-03,-1.455280996351756726e-04
3.000000000000000000e+02,-4.001827272725087641e-03,-1.437596861910680004e-04
3.010000000000000000e+02,-4.140549862626922463e-03,-1.418513237312212676e-04
3.020000000000000000e+02,-4.276178944447985367e-03,-1.398028896457367051e-04
3.030000000000000000e+02,-4.408713225690517358e-03,-1.376141848518997791e-04
3.040000000000000000e+02,-4.538151487839607937e-03,-1.352847530849917476e-04
3.050000000000000000e+02,-4.664492470828824830e-03,-1.324465732897348968e-04
3.060000000000000000e+02,-4.787734753414522697e-03,-1.286929686821868934e-04
3.070000000000000000e+02,-4.907876594761343726e-03,-1.239846844902692041e-04
3.080000000000000000e+02,-5.024915671284390511e-03,-1.183213659262698973e-04
3.090000000000000000e+02,-5.138848564391354512e-03,-1.117028876438958408e-04
3.100000000000000000e+02,-5.249669449075174826e-03,-1.041291881221003275e-04
3.110000000000000000e+02,-5.357364734120184657e-03,-9.560023393097703977e-05
3.120000000000000000e+02,-5.461356535875998633e-03,-8.611600677482474705e-05
3.130000000000000000e+02,-5.555499682829718316e-03,-7.567649798922059174e-05
3.140000000000000000e+02,-5.634206445120255001e-03,-6.428170640427458330e-05
3.150000000000000000e+02,-5.697462690280244782e-03,-5.193163812653956650e-05
3.160000000000000000e+02,-5.745263263449720825e-03,-3.862630822404996054e-05
3.170000000000000000e+02,-5.777605668735143543e-03,-2.436574561908209943e-05
3.180000000000000000e+02,-5.794488563145385775e-03,-9.150006560137731511e-06
3.190000000000000000e+02,-5.795911237583301935e-03,7.020778038397690369e-06
3.200000000000000000e+02,-5.781873411066827152e-03,2.414603032690452344e-05
3.210000000000000000e+02,-5.752375160776657288e-03,4.092838207258355778e-05
3.220000000000000000e+02,-5.707416937865380721e-03,5.607072161688557346e-05
3.230000000000000000e+02,-5.646999679478364835e-03,6.957275806660789016e-05
3.240000000000000000e+02,-5.571125098122761340e-03,8.143440060418569507e-05
3.250000000000000000e+02,-5.479796476229262941e-03,9.165560737031383574e-05
3.260000000000000000e+02,-5.373021715577453589e-03,1.002363571119966787e-04
3.270000000000000000e+02,-5.250857996582463522e-03,1.071766401259523856e-04
3.280000000000000000e+02,-5.122685686625350412e-03,1.124764550725292729e-04
3.290000000000000000e+02,-4.997843598309703074e-03,1.161358086120628996e-04
3.300000000000000000e+02,-4.876344714248095902e-03,1.181547175793433923e-04
3.310000000000000000e+02,-4.758193511630173095e-03,1.185332157030674529e-04
3.320000000000000000e+02,-4.643392129745216833e-03,1.172713737477434567e-04
3.330000000000000000e+02,-4.531941696896341250e-03,1.143693919803162633e-04
3.340000000000000000e+02,-4.423842759012667700e-03,1.105920436188894258e-04
3.350000000000000000e+02,-4.319095439452895306e-03,1.068204684442348833e-04
3.360000000000000000e+02,-4.217699468672634656e-03,1.031713374755218712e-04
3.370000000000000000e+02,-4.119654104112578305e-03,9.964485409120881897e-05
3.380000000000000000e+02,-4.024957869646114683e-03,9.624109332112391565e-05
3.390000000000000000e+02,-3.933607820461326905e-03,9.296009266006025247e-05
3.400000000000000000e+02,-3.845596551767562366e-03,8.980187242554439413e-05
3.410000000000000000e+02,-3.760777274452340932e-03,8.676644276111598116e-05
3.420000000000000000e+02,-3.678623627825672315e-03,8.385380638490177617e-05
3.430000000000000000e+02,-3.598744298692065514e-03,8.106395927901359770e-05
3.440000000000000000e+02,-3.521130705486675509e-03,7.839688981069486593e-05
3.450000000000000000e+02,-3.445779446171701958e-03,7.585257568661826755e-05
3.460000000000000000e+02,-3.372688761795099213e-03,7.343097639816580395e-05
3.470000000000000000e+02,-3.301857690266686747e-03,7.113201234800525037e-05
3.480000000000000000e+02,-3.233285762814743034e-03,6.895547783632810198e-05
3.490000000000000000e+02,-3.166972887044089326e-03,6.689776825707100384e-05
3.500000000000000000e+02,-3.102919325591146481e-03,6.447901121267774925e-05
3.510000000000000000e+02,-3.041125758631127093e-03,6.122260614672052164e-05
3.520000000000000000e+02,-2.981593475457456222e-03,5.712831353592766830e-05
3.530000000000000000e+02,-2.924324872820613375e-03,5.219604670691850421e-05
3.540000000000000000e+02,-2.869324937257118190e-03,4.642576312364885731e-05
3.550000000000000000e+02,-2.816608289406079789e-03,3.981743988030976415e-05
3.560000000000000000e+02,-2.770828072665419174e-03,3.237106532585386286e-05
3.570000000000000000e+02,-2.736652729278135285e-03,2.408663574076978054e-05
3.580000000000000000e+02,-2.714113938012056686e-03,1.496415437419627331e-05
3.590000000000000000e+02,-2.703218997689179389e-03,5.003632187616532218e-06
3.600000000000000000e+02,-2.703971111834482972e-03,-5.794909187665781201e-06
3.610000000000000000e+02,-2.716371967953637358e-03,-1.743142991809797459e-05
3.620000000000000000e+02,-2.740422488635354571e-03,-2.990585068205444714e-05
3.630000000000000000e+02,-2.776123113405653924e-03,-4.321795979253534862e-05
3.640000000000000000e+02,-2.823473907038884061e-03,-5.725827557610638799e-05
3.650000000000000000e+02,-2.882474575993784240e-03,-7.050639473511302363e-05
3.660000000000000000e+02,-2.953124404756672303e-03,-8.155105392522678427e-05
3.670000000000000000e+02,-3.035422075855302802e-03,-9.039201236625412316e-05
3.680000000000000000e+02,-3.129365237969369742e-03,-9.702918660313864397e-05
3.690000000000000000e+02,-3.234949334721567288e-03,-1.014625366304207626e-04
3.700000000000000000e+02,-3.352162885700341738e-03,-1.036920415218146012e-04
3.710000000000000000e+02,-3.480908837608341199e-03,-1.037176913817726436e-04
3.720000000000000000e+02,-3.607665830282969031e-03,-1.015394843300027169e-04
3.730000000000000000e+02,-3.718988302910427104e-03,-9.715742588558471087e-05
3.740000000000000000e+02,-3.814859234602149644e-03,-9.057153017574984353e-05
3.750000000000000000e+02,-3.895272351544513522e-03,-8.178182352594190647e-05
3.760000000000000000e+02,-3.960224364504358156e-03,-7.078835234458269649e-05
3.770000000000000000e+02,-4.009713281111135924e-03,-5.759120054826891432e-05
3.780000000000000000e+02,-4.043737817732266822e-03,-4.219053330138500772e-05
3.790000000000000000e+02,-4.062297139800358226e-03,-2.458672624772275503e-05
3.800000000000000000e+02,-4.065390729693504727e-03,-4.780859131853868841e-06
3.810000000000000000e+02,-4.053018317917719306e-03,1.722220748855081123e-05
3.820000000000000000e+02,-4.025179848622966426e-03,3.951840789482536856e-05
3.830000000000000000e+02,-3.981875467389487527e-03,6.013643347118259477e-05
3.840000000000000000e+02,-3.923105527438764187e-03,7.900120872224831808e-05
3.850000000000000000e+02,-3.848870615710609129e-03,9.610811321143219467e-05
3.860000000000000000e+02,-3.759171607316479612e-03,1.114560333236621194e-04
3.870000000000000000e+02,-3.654009762274630299e-03,1.250445684377883668e-04
3.880000000000000000e+02,-3.533386902595034209e-03,1.368735379861863366e-04
3.890000000000000000e+02,-3.397305761669707543e-03,1.469428489967921703e-04
3.900000000000000000e+02,-3.245770748394966043e-03,1.552524494777424440e-04
3.910000000000000000e+02,-3.078790062519021729e-03,1.618023092094307178e-04
3.920000000000000000e+02,-2.896384977462794844e-03,1.665924111045870249e-04
3.930000000000000000e+02,-2.705468893759890251e-03,1.696227470524204364e-04
3.940000000000000000e+02,-2.517769435046919493e-03,1.708933161579668093e-04
3.950000000000000000e+02,-2.338131620630364178e-03,1.704041246232295185e-04
3.960000000000000000e+02,-2.166575446105224387e-03,1.681551873044845227e-04
3.970000000000000000e+02,-2.003108387293269909e-03,1.641465319681531456e-04
3.980000000000000000e+02,-1.847734285160421933e-03,1.583782096155641984e-04
3.990000000000000000e+02,-1.700455385135537416e-03,1.508503245984669551e-04
4.000000000000000000e+02,-1.561273066890229424e-03,1.415631690553474252e-04
4.010000000000000000e+02,-1.430188169937494621e-03,1.311238742040991368e-04
4.020000000000000000e+02,-1.307201150207188941e-03,1.206838966981902517e-04
4.030000000000000000e+02,-1.192312154379841001e-03,1.107880159721824631e-04
4.040000000000000000e+02,-1.085521044811008301e-03,1.014365442086391132e-04
4.050000000000000000e+02,-9.868273852216573241e-04,9.262959986237073750e-05
4.060000000000000000e+02,-8.962303829816082625e-04,8.436724501490148879e-05
4.070000000000000000e+02,-8.137287655302702502e-04,7.664951638488839904e-05
4.080000000000000000e+02,-7.393205459722034445e-04,6.947643659289804807e-05
4.090000000000000000e+02,-6.730025474097828860e-04,6.284801915875515418e-05
4.100000000000000000e+02,-6.147693035659305668e-04,5.676427084046069586e-05
4.110000000000000000e+02,-5.646098867607177944e-04,5.122519266014065369e-05
4.120000000000000000e+02,-5.224917988065279047e-04,4.623078000552656799e-05
4.130000000000000000e+02,-4.851015333666412613e-04,4.178102184296557912e-05
4.140000000000000000e+02,-4.490839089526471139e-04,3.787589862788990675e-05
4.150000000000000000e+02,-4.143602612450694245e-04,3.451537790473209504e-05
4.160000000000000000e+02,-3.809134829078614074e-04,3.169940477801999027e-05
4.170000000000000000e+02,-3.487354182409957383e-04,2.942787676977186791e-05
4.180000000000000000e+02,-3.178211515626060851e-04,2.770055273919319735e-05
4.190000000000000000e+02,-2.881673499427783486e-04,2.651605639974768025e-05
4.200000000000000000e+02,-2.597715999914784334e-04,2.559285581614114451e-05
4.210000000000000000e+02,-2.326320833549852995e-04,2.465027752925117685e-05
4.220000000000000000e+02,-2.067473915491958619e-04,2.368786872549623825e-05
4.230000000000000000e+02,-1.821164202747514857e-04,2.270546797801958701e-05
4.240000000000000000e+02,-1.587383044678137645e-04,2.170299127023217118e-05
4.250000000000000000e+02,-1.366123730583912932e-04,2.068038793574032648e-05
4.260000000000000000e+02,-1.157381199208728286e-04,1.963762510216205819e-05
4.270000000000000000e+02,-9.611518256125701587e-05,1.857468077305869582e-05
4.280000000000000000e+02,-7.774332323605013997e-05,1.749154044171204194e-05
4.290000000000000000e+02,-6.062241320128860438e-05,1.638819519864089118e-05
4.300000000000000000e+02,-4.475241704159682766e-05,1.526464068980048344e-05
4.310000000000000000e+02,-3.013337509647152340e-05,1.412087663036201417e-05
4.320000000000000000e+02,-1.676538449105242646e-05,1.295690666559536032e-05
4.330000000000000000e+02,-4.648578449484837336e-06,1.177273854213821228e-05
4.340000000000000000e+02,6.216895341465955865e-06,1.056838458196731690e-05
4.350000000000000000e+02,1.583089618850572235e-05,9.343862579828756846e-06
4.360000000000000000e+02,2.419331058996431765e-05,8.099197250311156998e-06
4.370000000000000000e+02,3.130407011583738182e-05,6.834422453455310889e-06
4.380000000000000000e+02,3.716316620440602864e-05,5.549585006094323274e-06
4.390000000000000000e+02,4.177066227950332794e-05,4.244751288387547123e-06
4.400000000000000000e+02,4.512670493740958774e-05,2.920019650966117222e-06
4.410000000000000000e+02,4.723153503070748452e-05,1.575548876666223225e-06
4.420000000000000000e+02,4.808550099936233501e-05,2.116436179689142116e-07
4.430000000000000000e+02,4.768907730673049237e-05,-1.170681679610175854e-06
4.440000000000000000e+02,4.604288776386954185e-05,-2.538384659502833124e-06
4.450000000000000000e+02,4.314773840867365529e-05,-3.854271459376851318e-06
4.460000000000000000e+02,3.900466716485300725e-05,-5.112910505869480261e-06
4.470000000000000000e+02,3.361501392725834954e-05,-6.313667133296737133e-06
4.480000000000000000e+02,2.698053076613253807e-05,-7.456291080308540982e-06
4.490000000000000000e+02,1.910357238623544798e-05,-8.540642335816863286e-06
4.500000000000000000e+02,9.987434388421637007e-06,-9.566630467054866243e-06
4.510000000000000000e+02,-3.629415609295021268e-07,-1.053419223698740756e-05
4.520000000000000000e+02,-1.193916036885672236e-05,-1.144328138095995005e-05
4.530000000000000000e+02,-2.472305339114974409e-05,-1.229386296299637274e-05
4.540000000000000000e+02,-3.864699524940090017e-05,-1.308591002750664979e-05
4.550000000000000000e+02,-5.342511286858676851e-05,-1.381940158157038680e-05
4.560000000000000000e+02,-6.866230249190008656e-05,-1.449432118885936370e-05
4.570000000000000000e+02,-8.415389061893136565e-05,-1.511065598764145945e-05
4.580000000000000000e+02,-9.984581607002002179e-05,-1.566839602813080410e-05
4.590000000000000000e+02,-1.157179120472191374e-04,-1.616753374939586014e-05
4.600000000000000000e+02,-1.317592534298584893e-04,-1.660806357873291991e-05
4.610000000000000000e+02,-1.479625722776015183e-04,-1.698998164136396557e-05
4.620000000000000000e+02,-1.643224454835004607e-04,-1.731328552269154110e-05
4.630000000000000000e+02,-1.808345004387480553e-04,-1.757797408763296041e-05
4.640000000000000000e+02,-1.974949735206620234e-04,-1.778404735887774589e-05
4.650000000000000000e+02,-2.143004465747773521e-04,-1.793150644299786118e-05
4.660000000000000000e+02,-2.312476528853417543e-04,-1.802035350860085785e-05
4.670000000000000000e+02,-2.483332917710958320e-04,-1.805059181595764452e-05
4.680000000000000000e+02,-2.655538457266393517e-04,-1.802222581060933118e-05
4.690000000000000000e+02,-2.829053510452735954e-04,-1.793526127948036157e-05
4.700000000000000000e+02,-3.003830396044094198e-04,-1.778970556366134137e-05
4.710000000000000000e+02,-3.179807334451210314e-04,-1.758556787279606714e-05
4.720000000000000000e+02,-3.356895259498407177e-04,-1.732285970547921782e-05
4.730000000000000000e+02,-3.534939729140976184e-04,-1.700159538336061652e-05
4.740000000000000000e+02,-3.713559586020588133e-04,-1.662179283925225044e-05
4.750000000000000000e+02,-3.891141197019204966e-04,-1.618347473628190610e-05
4.760000000000000000e+02,-4.063627543163546687e-04,-1.568667006073586528e-05
4.770000000000000000e+02,-4.227935091007247684e-04,-1.513141675365241927e-05
4.780000000000000000e+02,-4.383630298398657034e-04,-1.451776613267233972e-05
4.790000000000000000e+02,-4.530602906786530522e-04,-1.384579089628567676e-05
4.800000000000000000e+02,-4.668794941062379806e-04,-1.311560266770987617e-05
4.810000000000000000e+02,-4.798170905587645385e-04,-1.232739947450801343e-05
4.820000000000000000e+02,-4.918707254163659113e-04,-1.148167840620516697e-05
4.830000000000000000e+02,-5.030387757915290303e-04,-1.058432990217992576e-05
4.840000000000000000e+02,-5.133201126860774269e-04,-9.673433122488050301e-06
4.850000000000000000e+02,-5.227139648495526380e-04,-8.782018700449805427e-06
4.860000000000000000e+02,-5.312198420215249713e-04,-7.910706984239123594e-06
4.870000000000000000e+02,-5.388374926173473229e-04,-7.059719085288573986e-06
4.880000000000000000e+02,-5.455668844404837825e-04,-6.229174613780497376e-06
4.890000000000000000e+02,-5.514082058061388174e-04,-5.419147394126779762e-06
4.900000000000000000e+02,-5.563618878015955940e-04,-4.629686755624406677e-06
4.910000000000000000e+02,-5.604286552662334940e-04,-3.860826967042428349e-06
4.920000000000000000e+02,-5.636096199597669717e-04,-3.112592187656112350e-06
4.930000000000000000e+02,-5.659064544094975779e-04,-2.384999290143613378e-06
4.940000000000000000e+02,-5.673217446337997958e-04,-1.678059485580533053e-06
4.950000000000000000e+02,-5.678597778547499978e-04,-9.917793209862490847e-07
4.960000000000000000e+02,-5.675285097186003134e-04,-3.261612157473770499e-07
4.970000000000000000e+02,-5.663660460356441601e-04,3.187963779476368064e-07
4.980000000000000000e+02,-5.645895898057211879e-04,9.430991555578138913e-07
4.990000000000000000e+02,-5.624054537938860199e-04,1.546757535726428340e-06
5.000000000000000000e+02,-5.598408022653984621e-04,2.129787759481780997e-06
5.010000000000000000e+02,-5.569033525934722999e-04,2.692213996906616826e-06
5.020000000000000000e+02,-5.535971366393196156e-04,3.234072327412723340e-06
5.030000000000000000e+02,-5.499246671278585187e-04,3.755418855877588784e-06
5.040000000000000000e+02,-5.458876361885390237e-04,4.256349137997515192e-06
5.050000000000000000e+02,-5.414872264018146149e-04,4.737045289970102586e-06
5.060000000000000000e+02,-5.367242774725906190e-04,5.198006496386113078e-06
5.070000000000000000e+02,-5.315993801320199408e-04,5.642952570368297245e-06
5.080000000000000000e+02,-5.261129354562354976e-04,6.075581305397131564e-06
5.090000000000000000e+02,-5.202651980235826730e-04,6.496372278637524207e-06
5.100000000000000000e+02,-5.140563083063486981e-04,6.905511962051907215e-06
5.110000000000000000e+02,-5.074863215589970125e-04,7.303098921713594142e-06
5.120000000000000000e+02,-5.005552376019236716e-04,7.689190928192747560e-06
5.130000000000000000e+02,-4.932630315189859586e-04,8.063825275930558103e-06
5.140000000000000000e+02,-4.856096855077255813e-04,8.427027430387889139e-06
5.150000000000000000e+02,-4.775952207483272075e-04,8.778815023468132758e-06
5.160000000000000000e+02,-4.692197265992647994e-04,9.119200030957033915e-06
5.170000000000000000e+02,-4.604833874522396464e-04,9.448190016267674071e-06
5.180000000000000000e+02,-4.513865096247531147e-04,9.765788818184059883e-06
5.190000000000000000e+02,-4.419295485148482102e-04,1.007199692996159464e-05
5.200000000000000000e+02,-4.321131407573058501e-04,1.036681164053161427e-05
5.210000000000000000e+02,-4.219381481749289895e-04,1.065022698166614191e-05
5.220000000000000000e+02,-4.114057144036081522e-04,1.092223345464457241e-05
5.230000000000000000e+02,-4.005173475430216790e-04,1.118281751839056109e-05
5.240000000000000000e+02,-3.892750530151104925e-04,1.143196079798283517e-05
5.250000000000000000e+02,-3.776815411214374174e-04,1.166963871525977228e-05
5.260000000000000000e+02,-3.657405979309719655e-04,1.189581825485677217e-05
5.270000000000000000e+02,-3.534578293351429328e-04,1.211045437535480316e-05
5.280000000000000000e+02,-3.408421686909141025e-04,1.231348381313294899e-05
5.290000000000000000e+02,-3.279090288223282935e-04,1.250481566365637416e-05
5.300000000000000000e+02,-3.146860481962555824e-04,1.268431814709111080e-05
5.310000000000000000e+02,-3.012194361889136869e-04,1.285178777163940752e-05
5.320000000000000000e+02,-2.875737975861417236e-04,1.300683152299936708e-05
5.330000000000000000e+02,-2.738201308347486111e-04,1.314853868057869641e-05
5.340000000000000000e+02,-2.600199028889390207e-04,1.327521125883072200e-05
5.350000000000000000e+02,-2.462181177269629232e-04,1.338482421218361843e-05
5.360000000000000000e+02,-2.324456998350736417e-04,1.347576590693349256e-05
5.370000000000000000e+02,-2.187240360164291800e-04,1.354698983691466179e-05
5.380000000000000000e+02,-2.050685041547381754e-04,1.359782193572680013e-05
5.390000000000000000e+02,-1.914907875977886074e-04,1.362780141491424886e-05
5.400000000000000000e+02,-1.780001772628357474e-04,1.363658897204303291e-05
5.410000000000000000e+02,-1.646043570046034764e-04,1.362391879027512211e-05
5.420000000000000000e+02,-1.513099616443028413e-04,1.358957502173216787e-05
5.430000000000000000e+02,-1.381229238357366599e-04,1.353337728027867093e-05
5.440000000000000000e+02,-1.250487233114277335e-04,1.345517192062273962e-05
5.450000000000000000e+02,-1.120926053521812478e-04,1.335482772777181294e-05
5.460000000000000000e+02,-9.925972400218066941e-05,1.323223230639231962e-05
5.470000000000000000e+02,-8.655525739699423580e-05,1.308728939861892858e-05
5.480000000000000000e+02,-7.398454546360803985e-05,1.291991737728513373e-05
5.490000000000000000e+02,-6.155321166173974214e-05,1.273004735325809625e-05
5.500000000000000000e+02,-4.926731487877941012e-05,1.251762139084054224e-05
5.510000000000000000e+02,-3.713358215873694616e-05,1.228259121630822708e-05
5.520000000000000000e+02,-2.515968032151370763e-05,1.202491672081543220e-05
5.530000000000000000e+02,-1.335461956797425088e-05,1.174456461575316331e-05
5.540000000000000000e+02,-1.729445355914681448e-06,1.144150747271201977e-05
5.550000000000000000e+02,9.701698924136271211e-06,1.111572277555904288e-05
5.560000000000000000e+02,2.091970803823687059e-05,1.076719214552695254e-05
5.570000000000000000e+02,3.189710269956302246e-05,1.039590082988057228e-05
5.580000000000000000e+02,4.259286051249449359e-05,1.000183723708324383e-05
5.590000000000000000e+02,5.294658538842370672e-05,9.584992585982883713e-06
5.600000000000000000e+02,6.287797690938680103e-05,9.145360707245859372e-06
5.610000000000000000e+02,7.230049664666115660e-05,8.682937885048333830e-06
5.620000000000000000e+02,8.114276739783828508e-05,8.197722775088641590e-06
5.630000000000000000e+02,8.935894926112080631e-05,7.689716419171198692e-06
5.640000000000000000e+02,9.692414523191210407e-05,7.158922321314943101e-06
5.650000000000000000e+02,1.038252728068124757e-04,6.605346608048788014e-06
5.660000000000000000e+02,1.100547891039185068e-04,6.028998284234944411e-06
5.670000000000000000e+02,1.156077779450033987e-04,5.429889628457906388e-06
5.680000000000000000e+02,1.204807339338309445e-04,4.808036755790169071e-06
5.690000000000000000e+02,1.246710122105982275e-04,4.163460375235541199e-06
5.700000000000000000e+02,1.281765591726501325e-04,3.496186941823168260e-06
5.710000000000000000e+02,1.309957572333240745e-04,2.806250335867528256e-06
5.720000000000000000e+02,1.331273195786720662e-04,2.093694302311774872e-06
5.730000000000000000e+02,1.345702230630924188e-04,1.358576526754411566e-06
5.740000000000000000e+02,1.353236625525995271e-04,6.009755910423098445e-07
5.750000000000000000e+02,1.353870170774207728e-04,-1.789961317591517129e-07
5.760000000000000000e+02,1.347598288167863902e-04,-9.811629730398756283e-07
5.770000000000000000e+02,1.334417895246332376e-04,-1.805199896022468328e-06
5.780000000000000000e+02,1.314327314671129114e-04,-2.650221068786347517e-06
5.790000000000000000e+02,1.287326245209290305e-04,-3.508610815991664790e-06
5.800000000000000000e+02,1.253415786682393347e-04,-4.345391393543855662e-06
5.810000000000000000e+02,1.212598525263555802e-04,-5.131618382317723014e-06
5.820000000000000000e+02,1.164878688008240192e-04,-5.866161438469432365e-06
5.830000000000000000e+02,1.110262392752027369e-04,-6.548697474057785036e-06
5.840000000000000000e+02,1.048758045200290346e-04,-7.179058835179085079e-06
5.850000000000000000e+02,9.803769171715768387e-05,-7.757142651902769036e-06
5.860000000000000000e+02,9.051340496603838351e-05,-8.282880341191881422e-06
5.870000000000000000e+02,8.230497593644337060e-05,-8.756224098028827154e-06
5.880000000000000000e+02,7.341521578622427148e-05,-9.177139745732298365e-06
5.890000000000000000e+02,6.384819263910294137e-05,-9.545602636282475705e-06
5.900000000000000000e+02,5.361028311686805376e-05,-9.861595248502353506e-06
5.910000000000000000e+02,4.271310001785739530e-05,-1.012510563174246212e-05
5.920000000000000000e+02,3.118880120896639388e-05,-1.033612643684137285e-05
5.930000000000000000e+02,1.919861657699499803e-05,-1.049465439234188899e-05
5.940000000000000000e+02,7.130508766106984913e-06,-1.060069008376109015e-05
5.950000000000000000e+02,-4.692759646846579501e-06,-1.065423802426411871e-05
5.960000000000000000e+02,-1.618338593930033486e-05,-1.065530702616538842e-05
5.970000000000000000e+02,-2.731904334692025470e-05,-1.060391099649569797e-05
5.980000000000000000e+02,-3.809049842100388099e-05,-1.050007030713980409e-05
5.990000000000000000e+02,-4.849256791520175931e-05,-1.034381402590003722e-05
6.000000000000000000e+02,-5.852183932800581709e-05,-1.013518392633299607e-05
6.010000000000000000e+02,-6.817588216947225452e-05,-9.874241927715410371e-06
6.020000000000000000e+02,-7.745289581248087892e-05,-9.561085637103925141e-06
6.030000000000000000e+02,-8.635152414988301586e-05,-9.195890572318051994e-06
6.040000000000000000e+02,-9.487074376376865021e-05,-8.779089394744751817e-06
6.050000000000000000e+02,-1.030097898501464583e-04,-8.315275453912694551e-06
6.060000000000000000e+02,-1.107681089584428344e-04,-7.836765322174734711e-06
6.070000000000000000e+02,-1.181453285003499838e-04,-7.372138254166258343e-06
6.080000000000000000e+02,-1.251412375778663427e-04,-6.922075115106487940e-06
6.090000000000000000e+02,-1.317557775573887301e-04,-6.486790356966020371e-06
6.100000000000000000e+02,-1.379890405098045593e-04,-6.066400034205533362e-06
6.110000000000000000e+02,-1.438412759001046770e-04,-5.660977443962701339e-06
6.120000000000000000e+02,-1.493129055458836628e-04,-5.270572566298443373e-06
6.130000000000000000e+02,-1.544045506726721964e-04,-4.895221039624613034e-06
6.140000000000000000e+02,-1.591170784764828411e-04,-4.534948776845523846e-06
6.150000000000000000e+02,-1.634516730870175499e-04,-4.189774690813390898e-06
6.160000000000000000e+02,-1.674099564894615641e-04,-3.859712359506911226e-06
6.170000000000000000e+02,-1.709942220510329933e-04,-3.544771021092186138e-06
6.180000000000000000e+02,-1.742079232343650777e-04,-3.244956214184539725e-06
6.190000000000000000e+02,-1.770569232040970255e-04,-2.960270143830030098e-06
6.200000000000000000e+02,-1.795530707273034290e-04,-2.690711823807759980e-06
6.210000000000000000e+02,-1.817230672931673845e-04,-2.436277024749349673e-06
6.220000000000000000e+02,-1.836198160604522777e-04,-2.196958021686175853e-06
6.230000000000000000e+02,-1.853136763822626099e-04,-1.972743126989351984e-06
6.240000000000000000e+02,-1.868614934152187837e-04,-1.763615850927191956e-06
6.250000000000000000e+02,-1.882931015591596767e-04,-1.569553557653447969e-06
6.260000000000000000e+02,-1.896216551685900135e-04,-1.390525353497493607e-06
6.270000000000000000e+02,-1.908534300754969140e-04,-1.226488240016727353e-06
6.280000000000000000e+02,-1.919919772607010995e-04,-1.077379623564881335e-06
6.290000000000000000e+02,-1.930396137861973161e-04,-9.431000063837572133e-07
6.300000000000000000e+02,-1.939979775797119567e-04,-8.234597097014531759e-07
6.310000000000000000e+02,-1.948682717955264117e-04,-7.179527863728829498e-07
6.320000000000000000e+02,-1.956513950970241629e-04,-6.237899929425954956e-07
6.330000000000000000e+02,-1.963480143852768217e-04,-5.347246924622782232e-07
6.340000000000000000e+02,-1.969586094163699953e-04,-4.464573776284850563e-07
6.350000000000000000e+02,-1.974835025277461473e-04,-3.583732985247264268e-07
6.360000000000000000e+02,-1.979228767090279457e-04,-2.702506333626278225e-07
6.370000000000000000e+02,-1.982767862270882868e-04,-1.819779002027364339e-07
6.380000000000000000e+02,-1.985451619298813459e-04,-9.348783885715113076e-08
6.390000000000000000e+02,-1.987278128094469964e-04,-4.734932412657879051e-09
6.400000000000000000e+02,-1.988244243312675035e-04,8.431357281216563572e-08
6.410000000000000000e+02,-1.988345529491465679e-04,1.736818609505575537e-07
6.420000000000000000e+02,-1.987576199085447251e-04,2.633879200230846688e-07
6.430000000000000000e+02,-1.985929040870792746e-04,3.534449773568501851e-07
6.440000000000000000e+02,-1.983395339410850167e-04,4.438623638898605222e-07
6.450000000000000000e+02,-1.979964878066967353e-04,5.346460870136711447e-07
6.460000000000000000e+02,-1.975626051821325192e-04,6.257991778466790838e-07
6.470000000000000000e+02,-1.970366108597152572e-04,7.173218536129803454e-07
6.480000000000000000e+02,-1.964171616617002211e-04,8.092115269346354320e-07
6.490000000000000000e+02,-1.957029064379878106e-04,9.014626601162709829e-07
6.500000000000000000e+02,-1.948925432494590386e-04,9.940664598841132172e-07
6.510000000000000000e+02,-1.939848706723735453e-04,1.087010297980002836e-06
6.520000000000000000e+02,-1.929788226374681088e-04,1.180276774818781198e-06
6.530000000000000000e+02,-1.918734829685554862e-04,1.273842274560357208e-06
6.540000000000000000e+02,-1.906680902668178492e-04,1.367674411750581389e-06
6.550000000000000000e+02,-1.893620347453266184e-04,1.461727628090098020e-06
6.560000000000000000e+02,-1.879548490952219725e-04,1.555935592060930620e-06
6.570000000000000000e+02,-1.864462002261041396e-04,1.650196973635593643e-06
6.580000000000000000e+02,-1.848358825491970548e-04,1.744347085477695229e-06
6.590000000000000000e+02,-1.831238135030683093e-04,1.838048808418156491e-06
6.600000000000000000e+02,-1.813100332319314317e-04,1.930039658939682066e-06
6.610000000000000000e+02,-1.793947089533688135e-04,2.017724647330569762e-06
6.620000000000000000e+02,-1.773781459946640931e-04,2.099179154141757034e-06
6.630000000000000000e+02,-1.752608066168414615e-04,2.173925474588203745e-06
6.640000000000000000e+02,-1.730433420021920590e-04,2.241774753558377326e-06
6.650000000000000000e+02,-1.707266483232025827e-04,2.302613687940914669e-06
6.660000000000000000e+02,-1.683119601180078386e-04,2.356368371757631310e-06
6.670000000000000000e+02,-1.658010243862206433e-04,2.402988524943496863e-06
6.680000000000000000e+02,-1.631964556765060233e-04,2.442438844891502165e-06
6.690000000000000000e+02,-1.605024623395912562e-04,2.474693890716580836e-06
6.700000000000000000e+02,-1.577263731889215926e-04,2.499735103407014511e-06
6.710000000000000000e+02,-1.548815152393934647e-04,2.517549121002217349e-06
6.720000000000000000e+02,-1.519906632828759839e-04,2.528126693372875909e-06
6.730000000000000000e+02,-1.490861819671604580e-04,2.531462009641066265e-06
6.740000000000000000e+02,-1.462030746936257650e-04,2.527552332952479272e-06
6.750000000000000000e+02,-1.433695314438198211e-04,2.516397809702812195e-06
6.760000000000000000e+02,-1.406035433447148106e-04,2.498001441483168439e-06
6.770000000000000000e+02,-1.379153964285900519e-04,2.472369210274391396e-06
6.780000000000000000e+02,-1.353109307413154303e-04,2.439510384168004831e-06
6.790000000000000000e+02,-1.327936369711307893e-04,2.399438038927462088e-06
6.800000000000000000e+02,-1.303657605685192868e-04,2.352169857122962856e-06
6.810000000000000000e+02,-1.280288286119449291e-04,2.297729498338593904e-06
6.820000000000000000e+02,-1.257839122099697773e-04,2.236148942322943536e-06
6.830000000000000000e+02,-1.236317707844287648e-04,2.167472761397985818e-06
6.840000000000000000e+02,-1.215729310553248727e-04,2.091767226751549403e-06
6.850000000000000000e+02,-1.196077334636682954e-04,2.009140184457568081e-06
6.860000000000000000e+02,-1.177363613436303229e-04,1.919783805350587189e-06
6.870000000000000000e+02,-1.159588568095104702e-04,1.824098083271268406e-06
6.880000000000000000e+02,-1.142751279455452576e-04,1.723514053890340409e-06
6.890000000000000000e+02,-1.126849488345206719e-04,1.621954994800389912e-06
6.900000000000000000e+02,-1.111879534539329979e-04,1.522876407204069644e-06
6.910000000000000000e+02,-1.097836219400038268e-04,1.427147421427400788e-06
6.920000000000000000e+02,-1.084712553373541236e-04,1.335044028009272862e-06
6.930000000000000000e+02,-1.072499396965172436e-04,1.246719377184930532e-06
6.940000000000000000e+02,-1.061184922110969297e-04,1.162270272987671993e-06
6.950000000000000000e+02,-1.050753781379893786e-04,1.081761166890645947e-06
6.960000000000000000e+02,-1.041186024432010196e-04,1.005237171767464977e-06
6.970000000000000000e+02,-1.032455644344192254e-04,9.327311947726771708e-07
6.980000000000000000e+02,-1.024528661306981018e-04,8.642677747303907080e-07
6.990000000000000000e+02,-1.017361245726588456e-04,7.998654233599495049e-07
7.000000000000000000e+02,-1.010898228936948023e-04,7.395380737831657246e-07
7.010000000000000000e+02,-1.005072577614196764e-04,6.832959504411526626e-07
7.020000000000000000e+02,-9.998073414685362174e-05,6.311461686734930022e-07
7.030000000000000000e+02,-9.950197596778065368e-05,5.830931255036071667e-07
7.040000000000000000e+02,-9.906259373652269657e-05,5.391387237044920415e-07
7.050000000000000000e+02,-9.865455588328297509e-05,4.992824864368265638e-07
7.060000000000000000e+02,-9.827052451812300592e-05,4.635215708433549068e-07
7.070000000000000000e+02,-9.790398947317112356e-05,4.318506971122582621e-07
7.080000000000000000e+02,-9.754931435967790728e-05,4.042619471395859642e-07
7.090000000000000000e+02,-9.720169697675652134e-05,3.807444376417402270e-07
7.100000000000000000e+02,-9.685705568126980051e-05,3.612838857768596829e-07
7.110000000000000000e+02,-9.651193145062856660e-05,3.458618993069705183e-07
7.120000000000000000e+02,-9.616339470969433923e-05,3.344549875090100686e-07
7.130000000000000000e+02,-9.580894555977001047e-05,3.270333081337201052e-07
7.140000000000000000e+02,-9.544644439554581450e-05,3.235587081137216297e-07
7.150000000000000000e+02,-9.507405606754030451e-05,3.239819156527523138e-07
7.160000000000000000e+02,-9.469019428053137655e-05,3.282385537742644246e-07
7.170000000000000000e+02,-9.429348576759531079e-05,3.362419630746364924e-07
7.180000000000000000e+02,-9.388274220507457401e-05,3.478704981025780299e-07
7.190000000000000000e+02,-9.345693036386086984e-05,3.629456494161711597e-07
7.200000000000000000e+02,-9.301515297991441093e-05,3.811949220149231337e-07
7.210000000000000000e+02,-9.255663344363315823e-05,4.022076228688840706e-07
7.220000000000000000e+02,-9.208069916185693542e-05,4.254203746867232672e-07
7.230000000000000000e+02,-9.158677213219702036e-05,4.501722496355301629e-07
7.240000000000000000e+02,-9.107436161325381551e-05,4.758240525506020310e-07
7.250000000000000000e+02,-9.054305501196693645e-05,5.018632580355673716e-07
7.260000000000000000e+02,-8.999251277670735467e-05,5.279284617289257094e-07
7.270000000000000000e+02,-8.942246436182256595e-05,5.537789993933004211e-07
7.280000000000000000e+02,-8.883270323573374389e-05,5.792557809370238501e-07
7.290000000000000000e+02,-8.822308465088676290e-05,6.042497756266960720e-07
7.300000000000000000e+02,-8.759352418038662315e-05,6.286821395959821414e-07
7.310000000000000000e+02,-8.694399549146567961e-05,6.524932725101700077e-07
7.320000000000000000e+02,-8.627452826585455708e-05,6.756362406909441505e-07
7.330000000000000000e+02,-8.558520543916355277e-05,6.980729163966004597e-07
7.340000000000000000e+02,-8.487616006310586838e-05,7.197718812682096342e-07
7.350000000000000000e+02,-8.414757162690980727e-05,7.407069319022049721e-07
7.360000000000000000e+02,-8.339966299745182594e-05,7.608560591854851239e-07
7.370000000000000000e+02,-8.263269995008711228e-05,7.802008605287089737e-07
7.380000000000000000e+02,-8.184699181514395886e-05,7.987260082976968008e-07
7.390000000000000000e+02,-8.104289485427985603e-05,8.164188399564985866e-07
7.400000000000000000e+02,-8.022081970423058667e-05,8.332691199898165799e-07
7.410000000000000000e+02,-7.938123745469353998e-05,8.492687990501156225e-07
7.420000000000000000e+02,-7.852468558923717836e-05,8.644118266744121348e-07
7.430000000000000000e+02,-7.765177601370723787e-05,8.786940502946670552e-07
7.440000000000000000e+02,-7.676319860723487571e-05,8.921131226282241753e-07
7.450000000000000000e+02,-7.585972305650288895e-05,9.046684448844433029e-07
7.460000000000000000e+02,-7.494220219760954177e-05,9.163611514038589838e-07
7.470000000000000000e+02,-7.401156800858423891e-05,9.271941280803668817e-07
7.480000000000000000e+02,-7.306882415495478413e-05,9.371720625371378793e-07
7.490000000000000000e+02,-7.211503950008105895e-05,9.463015027134998896e-07
7.500000000000000000e+02,-7.115133128443700006e-05,9.545909826622656689e-07
7.510000000000000000e+02,-7.017884236895176439e-05,9.620511824083927152e-07
7.520000000000000000e+02,-6.919871945025127019e-05,9.686950628182507871e-07
7.530000000000000000e+02,-6.821208495048778275e-05,9.745381105111137786e-07
7.540000000000000000e+02,-6.722001177102478479e-05,9.795986187569181442e-07
7.550000000000000000e+02,-6.622350819103145817e-05,9.838978935063494096e-07
7.560000000000000000e+02,-6.522350323028351627e-05,9.874606141232311506e-07
7.570000000000000000e+02,-6.422083716412111201e-05,9.903152090718932725e-07
7.580000000000000000e+02,-6.321626061961039167e-05,9.924940508924009213e-07
7.590000000000000000e+02,-6.221043291924686729e-05,9.940338148765842123e-07
7.600000000000000000e+02,-6.120392236204330019e-05,9.949757556830069624e-07
7.610000000000000000e+02,-6.019721085781573182e-05,9.953655850802854066e-07
7.620000000000000000e+02,-5.919069685311617325e-05,9.952534458599432361e-07
7.630000000000000000e+02,-5.818469971189672407e-05,9.946936321600972357e-07
7.640000000000000000e+02,-5.717946795381816734e-05,9.937436670728370158e-07
7.650000000000000000e+02,-5.617518697448530246e-05,9.924634742681467918e-07
7.660000000000000000e+02,-5.517198796238748857e-05,9.909143126689285423e-07
7.670000000000000000e+02,-5.416995929672919997e-05,9.891571603892269050e-07
7.680000000000000000e+02,-5.316915745978900769e-05,9.872515021361227459e-07
7.690000000000000000e+02,-5.216961863232866069e-05,9.852542411102019940e-07
7.700000000000000000e+02,-5.117137178317557046e-05,9.832184535984841377e-07
7.710000000000000000e+02,-5.017445089905605952e-05,9.811928087528521828e-07
7.720000000000000000e+02,-4.917890622522514668e-05,9.792212993462784543e-07
7.730000000000000000e+02,-4.818481424881913833e-05,9.773429466313041192e-07
7.740000000000000000e+02,-4.719228475020685772e-05,9.755919938193846201e-07
7.750000000000000000e+02,-4.620146615973792694e-05,9.739982506407144796e-07
7.760000000000000000e+02,-4.521255070507431610e-05,9.725873225083446817e-07
7.770000000000000000e+02,-4.422577820533886460e-05,9.713810444059005000e-07
7.780000000000000000e+02,-4.324143897852858459e-05,9.703979096421348229e-07
7.790000000000000000e+02,-4.225987594104403970e-05,9.696533479733787859e-07
7.800000000000000000e+02,-4.128148285261962268e-05,9.691600572531474686e-07
7.810000000000000000e+02,-4.030669905268410977e-05,9.689282817517228341e-07
7.820000000000000000e+02,-3.933600218011594848e-05,9.689659689882548982e-07
7.830000000000000000e+02,-3.836989729298684499e-05,9.692789218432899730e-07
7.840000000000000000e+02,-3.740890403204012358e-05,9.698708942567343122e-07
7.850000000000000000e+02,-3.645354315758037321e-05,9.707436018652568170e-07
7.860000000000000000e+02,-3.550432037652025282e-05,9.718966914042957359e-07
7.870000000000000000e+02,-3.456171041184743484e-05,9.733276449018670788e-07
7.880000000000000000e+02,-3.362614435755066595e-05,9.750316113896086699e-07
7.890000000000000000e+02,-3.269799859853533960e-05,9.770011329394317518e-07
7.900000000000000000e+02,-3.177758666165577571e-05,9.792257540520928612e-07
7.910000000000000000e+02,-3.086515479059506544e-05,9.816915191713756258e-07
7.920000000000000000e+02,-2.996087874100232469e-05,9.843802112208269440e-07
7.930000000000000000e+02,-2.906486222064411004e-05,9.872683299957171393e-07
7.940000000000000000e+02,-2.817713721514519920e-05,9.903258647529706594e-07
7.950000000000000000e+02,-2.729766479744230500e-05,9.935146291176163651e-07
7.960000000000000000e+02,-2.642633732680130907e-05,9.967865492998593472e-07
7.970000000000000000e+02,-2.556298297689666734e-05,1.000082932151380339e-06
7.980000000000000000e+02,-2.470737279489829979e-05,1.003335455634236209e-06
7.990000000000000000e+02,-2.385923107181940012e-05,1.006461973049971381e-06
8.000000000000000000e+02,-2.301824912723535331e-05,1.009254956715659295e-06
8.010000000000000000e+02,-2.218410170496188232e-05,1.010557307379272068e-06
8.020000000000000000e+02,-2.135646505694368267e-05,1.007974410596158572e-06
8.030000000000000000e+02,-2.053503583563650331e-05,9.997119828437362814e-07
8.040000000000000000e+02,-1.971954870701632192e-05,9.852353269824274967e-07
8.050000000000000000e+02,-1.890979211786433432e-05,9.643241340309379937e-07
8.060000000000000000e+02,-1.810562280244372863e-05,9.368449521389408065e-07
8.070000000000000000e+02,-1.730697740813946382e-05,9.027093336055787185e-07
8.080000000000000000e+02,-1.651388195476334011e-05,8.618569907970588533e-07
8.090000000000000000e+02,-1.572646286826738765e-05,8.142459148777102339e-07
8.100000000000000000e+02,-1.494496214496018126e-05,7.598460754685554066e-07
8.110000000000000000e+02,-1.416976210061998450e-05,6.986356445165145393e-07
8.120000000000000000e+02,-1.340142640367409453e-05,6.305988661314823415e-07
8.130000000000000000e+02,-1.264076162206831413e-05,5.557247119058585306e-07
8.140000000000000000e+02,-1.188892070055401876e-05,4.740060716138984930e-07
8.150000000000000000e+02,-1.114759687584581025e-05,3.854393402586492169e-07
8.160000000000000000e+02,-1.041941511044952515e-05,2.900242345651701927e-07
8.170000000000000000e+02,-9.708913047033589851e-06,1.877638374744046024e-07
8.180000000000000000e+02,-9.025512560080954386e-06,7.866488611450188076e-08
8.190000000000000000e+02,-8.392465620345809587e-06,-3.726162807500155168e-08
8.200000000000000000e+02,-7.860148761304814642e-06,-1.599994210523571388e-07
8.210000000000000000e+02,-7.487491145128972047e-06,-2.895252127436635030e-07
8.220000000000000000e+02,-7.308073006694529831e-06,-4.258056957002801746e-07
8.230000000000000000e+02,-7.333060476746511656e-06,-5.687919707712958659e-07
8.240000000000000000e+02,-7.566765320205369600e-06,-7.184080271374114835e-07
8.250000000000000000e+02,-8.011428266956332288e-06,-8.745180548620327429e-07
8.260000000000000000e+02,-8.668379142989511327e-06,-1.036751116125291301e-06
8.270000000000000000e+02,-9.538424385833567520e-06,-1.199964946107322940e-06
8.280000000000000000e+02,-1.062200955357261326e-05,-1.351518229818075488e-06
8.290000000000000000e+02,-1.191929392815713685e-05,-1.483313707979092279e-06
8.300000000000000000e+02,-1.343017859978890250e-05,-1.594942288052627482e-06
8.310000000000000000e+02,-1.515429916274087604e-05,-1.686263437486038610e-06
8.320000000000000000e+02,-1.709098073678681984e-05,-1.757200321791927192e-06
8.330000000000000000e+02,-1.923913505074679680e-05,-1.807704831043480870e-06
8.340000000000000000e+02,-2.159705188404003991e-05,-1.837744987389991361e-06
8.350000000000000000e+02,-2.416193581339858243e-05,-1.847299050660635538e-06
8.360000000000000000e+02,-2.692866738508672595e-05,-1.836352504763777212e-06
8.370000000000000000e+02,-2.988358833638199799e-05,-1.804896341157405863e-06
8.380000000000000000e+02,-3.283705580613924144e-05,-1.752926115653283640e-06
8.390000000000000000e+02,-3.556607054659497157e-05,-1.680441536580962261e-06
8.400000000000000000e+02,-3.802117018158074233e-05,-1.587446440930936372e-06
8.410000000000000000e+02,-4.019408159411743710e-05,-1.473949160274309936e-06
8.420000000000000000e+02,-4.208094295575916070e-05,-1.339963342297232850e-06
8.430000000000000000e+02,-4.367945707700164072e-05,-1.185509525592490921e-06
8.440000000000000000e+02,-4.498814319908034376e-05,-1.010617949719396204e-06
8.450000000000000000e+02,-4.600602360598907744e-05,-8.153337405738747184e-07
8.460000000000000000e+02,-4.673247135484085243e-05,-5.997280750800477264e-07
8.470000000000000000e+02,-4.716713109636950921e-05,-3.639266528651427584e-07
8.480000000000000000e+02,-4.730987912526027751e-05,-1.082238030087893600e-07
8.490000000000000000e+02,-4.716080940714164162e-05,1.649699232217900313e-07
8.500000000000000000e+02,-4.672023845560180821e-05,4.361368958006060649e-07
8.510000000000000000e+02,-4.598873037526368771e-05,6.875702943442008541e-07
8.520000000000000000e+02,-4.496714883017698122e-05,9.187746760761615325e-07
8.530000000000000000e+02,-4.365675529386240289e-05,1.129587250677609069e-06
8.540000000000000000e+02,-4.205939564586983105e-05,1.319921033422867876e-06
8.550000000000000000e+02,-4.017785997457200747e-05,1.489722110201961301e-06
8.560000000000000000e+02,-3.801672889617363282e-05,1.638954532753918957e-06
8.570000000000000000e+02,-3.558576196330524871e-05,1.767593601000587206e-06
8.580000000000000000e+02,-3.292254698752610886e-05,1.875622314170476113e-06
8.590000000000000000e+02,-3.014907456740847027e-05,1.963029376587396526e-06
8.600000000000000000e+02,-2.741044587881505062e-05,2.029808091237646369e-06
8.610000000000000000e+02,-2.477583185603946789e-05,2.075955729179257087e-06
8.620000000000000000e+02,-2.226615338275734490e-05,2.101473252486378257e-06
8.630000000000000000e+02,-1.988989131194588621e-05,2.106365326456005766e-06
8.640000000000000000e+02,-1.765178503355632991e-05,2.090640624006977353e-06
8.650000000000000000e+02,-1.555496046235387605e-05,2.054312459792044789e-06
8.660000000000000000e+02,-1.360165797251660047e-05,1.997399832841065552e-06
8.670000000000000000e+02,-1.179354351444556804e-05,1.919929230164965569e-06
8.680000000000000000e+02,-1.013186836253745992e-05,1.821937629405943607e-06
8.690000000000000000e+02,-8.617570140682170667e-06,1.703477639528153170e-06
8.700000000000000000e+02,-7.251338164327311620e-06,1.564627724462556438e-06
8.710000000000000000e+02,-6.033657385866565774e-06,1.405516028749668250e-06
8.720000000000000000e+02,-4.964839070593333816e-06,1.226403470444961347e-06
8.730000000000000000e+02,-4.045039990111476980e-06,1.028271661238791054e-06
8.740000000000000000e+02,-3.274274239708693384e-06,8.241406405733904954e-07
8.750000000000000000e+02,-2.652418674101698572e-06,6.279546118207717021e-07
8.760000000000000000e+02,-2.179213227475016550e-06,4.417270994734261271e-07
8.770000000000000000e+02,-1.854256314291450807e-06,2.658540881267327729e-07
8.780000000000000000e+02,-1.676992666132012910e-06,1.005023112630863543e-07
8.790000000000000000e+02,-1.646693790810015669e-06,-5.423182900174832952e-08
8.800000000000000000e+02,-1.762425474162041353e-06,-1.982845049901143673e-07
8.810000000000000000e+02,-2.022995017492804589e-06,-3.316107424470430597e-07
8.820000000000000000e+02,-2.426877624813621462e-06,-4.541777109564818454e-07
8.830000000000000000e+02,-2.972099193605309890e-06,-5.659609979632209170e-07
8.840000000000000000e+02,-3.656034228710272159e-06,-6.669424586300528429e-07
8.850000000000000000e+02,-4.475081713482962716e-06,-7.571088109044612574e-07
8.860000000000000000e+02,-5.424088774408572714e-06,-8.364507272228776014e-07
8.870000000000000000e+02,-6.495289725415424965e-06,-9.049622866149059032e-07
8.880000000000000000e+02,-7.676618147455393059e-06,-9.626406302942447454e-07
8.890000000000000000e+02,-8.949406061102502941e-06,-1.009485793045043790e-06
8.900000000000000000e+02,-1.028597132995632808e-05,-1.045500688263057456e-06
8.910000000000000000e+02,-1.164971061383293566e-05,-1.070691249341867889e-06
8.920000000000000000e+02,-1.300140460356593703e-05,-1.085066736402679072e-06
8.930000000000000000e+02,-1.430931679482402254e-05,-1.088640219774282915e-06
8.940000000000000000e+02,-1.555399430080721450e-05,-1.081429391268894557e-06
8.950000000000000000e+02,-1.672540060024200795e-05,-1.063457807540595704e-06
8.960000000000000000e+02,-1.781840955997526695e-05,-1.034756777984522109e-06
8.970000000000000000e+02,-1.883013754720199901e-05,-9.953687369285555466e-07
8.980000000000000000e+02,-1.975877270501784954e-05,-9.453536935438906889e-07
8.990000000000000000e+02,-2.060308513695912719e-05,-8.848035101026092626e-07
9.000000000000000000e+02,-2.136221561793858324e-05,-8.138804536229424218e-07
9.010000000000000000e+02,-2.203557143950774102e-05,-7.329357323117988894e-07
9.020000000000000000e+02,-2.262276801316892162e-05,-6.431490862923899551e-07
9.030000000000000000e+02,-2.312359743826267869e-05,-5.494343667659979662e-07
9.040000000000000000e+02,-2.353801295153043306e-05,-4.570797905135216056e-07
9.050000000000000000e+02,-2.386612592140279252e-05,-3.676607001999745753e-07
9.060000000000000000e+02,-2.410821593457297739e-05,-2.815657497819940361e-07
9.070000000000000000e+02,-2.426475618286795364e-05,-1.989858394154945728e-07
9.080000000000000000e+02,-2.433646062817787582e-05,-1.200326356212711379e-07
9.090000000000000000e+02,-2.432435916055237948e-05,-4.477808837498307454e-08
9.100000000000000000e+02,-2.422992064922057048e-05,2.672780749686973948e-08
9.110000000000000000e+02,-2.405525447752790294e-05,9.444867567838835645e-08
9.120000000000000000e+02,-2.380339741584855027e-05,1.583572383845481501e-07
9.130000000000000000e+02,-2.347866993983648029e-05,2.184327133363833051e-07
9.140000000000000000e+02,-2.308700226202695189e-05,2.746592950554057314e-07
9.150000000000000000e+02,-2.263598145044620175e-05,3.270251262825013555e-07
9.160000000000000000e+02,-2.213450043458796971e-05,3.755216092293484942e-07
9.170000000000000000e+02,-2.159210291405238105e-05,4.201429712307246077e-07
9.180000000000000000e+02,-2.101815859493775455e-05,4.608859634416429919e-07
9.190000000000000000e+02,-2.042118739622501584e-05,4.977496747910492597e-07
9.200000000000000000e+02,-1.980854236478103733e-05,5.307354396351026289e-07
9.210000000000000000e+02,-1.918634604723631231e-05,5.598468346262545279e-07
9.220000000000000000e+02,-1.855960348324885677e-05,5.850897538244385659e-07
9.230000000000000000e+02,-1.793240260776041733e-05,6.064725383558672861e-07
9.240000000000000000e+02,-1.730808699632973064e-05,6.240062367974590124e-07
9.250000000000000000e+02,-1.668941095340791250e-05,6.377049763417654038e-07
9.260000000000000000e+02,-1.607868379838608925e-05,6.475864036500237432e-07
9.270000000000000000e+02,-1.547786790983990095e-05,6.536723806279174423e-07
9.280000000000000000e+02,-1.488865340016904216e-05,6.559898959372787253e-07
9.290000000000000000e+02,-1.431252648189813826e-05,6.545721133754383603e-07
9.300000000000000000e+02,-1.375081263450828965e-05,6.494599645826450812e-07
9.310000000000000000e+02,-1.320470573130141721e-05,6.407042606436511859e-07
9.320000000000000000e+02,-1.267529432783868360e-05,6.283682810001896486e-07
9.330000000000000000e+02,-1.216357359139785764e-05,6.125319175268728222e-07
9.340000000000000000e+02,-1.167045246726218799e-05,5.932975242982518585e-07
9.350000000000000000e+02,-1.119676386379449741e-05,5.707972629660813335e-07
9.360000000000000000e+02,-1.074326754829821207e-05,5.452034071200987460e-07
9.370000000000000000e+02,-1.031065214515734374e-05,5.167393353316745209e-07
9.380000000000000000e+02,-9.899541772184328086e-06,4.856864429951038496e-07
9.390000000000000000e+02,-9.510498838546825050e-06,4.523860802326333746e-07
9.400000000000000000e+02,-9.144027651894692598e-06,4.172310426184450715e-07
9.410000000000000000e+02,-8.800582020747378320e-06,3.806440964906373574e-07
9.420000000000000000e+02,-8.480569172820828438e-06,3.430543061824796902e-07
9.430000000000000000e+02,-8.184353628874140404e-06,3.048747500260132570e-07
9.440000000000000000e+02,-7.912263529222298485e-06,2.664834155009170619e-07
9.450000000000000000e+02,-7.664593115146753509e-06,2.282152500996479364e-07
9.460000000000000000e+02,-7.441603690570833797e-06,1.903610558648239552e-07
9.470000000000000000e+02,-7.243525595136925384e-06,1.531683611073030848e-07
9.480000000000000000e+02,-7.070557757024988830e-06,1.168466674631532981e-07
9.490000000000000000e+02,-6.922865970330662436e-06,8.157340076241448195e-08
9.500000000000000000e+02,-6.800581571249787383e-06,4.749817842077893267e-08
9.510000000000000000e+02,-6.703800096577096689e-06,1.474775509319980324e-08
9.520000000000000000e+02,-6.632580085291008652e-06,-1.656973631920507493e-08
9.530000000000000000e+02,-6.586940580177367660e-06,-4.636210441880979136e-08
9.540000000000000000e+02,-6.566857748298614066e-06,-7.455028727254032653e-08
9.550000000000000000e+02,-6.572260931699813962e-06,-1.010660494066307980e-07
9.560000000000000000e+02,-6.603027027541514121e-06,-1.258506161373853987e-07
9.570000000000000000e+02,-6.658975658538592366e-06,-1.488531942649569668e-07
9.580000000000000000e+02,-6.739863297394379173e-06,-1.700297525872130501e-07
9.590000000000000000e+02,-6.845373415224599626e-06,-1.893423229582661137e-07
9.600000000000000000e+02,-6.975106931374069422e-06,-2.067581840997971141e-07
9.610000000000000000e+02,-7.128569758530796177e-06,-2.222491636220540112e-07
9.620000000000000000e+02,-7.305154586521370977e-06,-2.357912250282688172e-07
9.630000000000000000e+02,-7.504125260380425804e-06,-2.473639666164940310e-07
9.640000000000000000e+02,-7.724599500955530248e-06,-2.569501827292927799e-07
9.650000000000000000e+02,-7.965523973163649141e-06,-2.645355917501149138e-07
9.660000000000000000e+02,-8.225652723882232671e-06,-2.701085263971961172e-07
9.670000000000000000e+02,-8.503523071219804550e-06,-2.736596750746664463e-07
9.680000000000000000e+02,-8.797420464879626299e-06,-2.751819304944358618e-07
9.690000000000000000e+02,-9.105349248422445627e-06,-2.746702461060567864e-07
9.700000000000000000e+02,-9.425002976688969154e-06,-2.721215435142198483e-07
9.710000000000000000e+02,-9.753726341772370426e-06,-2.675346914397359210e-07
9.720000000000000000e+02,-1.008849839599838191e-05,-2.609105313814948967e-07
9.730000000000000000e+02,-1.042593363612570057e-05,-2.522519630944839041e-07
9.740000000000000000e+02,-1.076229973339662916e-05,-2.415640849323701323e-07
9.750000000000000000e+02,-1.109359682581261609e-05,-2.288544375723340639e-07
9.760000000000000000e+02,-1.141567463063199278e-05,-2.141333437818804461e-07
9.770000000000000000e+02,-1.172435536385077758e-05,-1.974143163778900429e-07
9.780000000000000000e+02,-1.201559413230375712e-05,-1.787146874335808384e-07
9.790000000000000000e+02,-1.228563275615563508e-05,-1.580564350002222260e-07
9.800000000000000000e+02,-1.253110108098619440e-05,-1.354671580412542851e-07
9.810000000000000000e+02,-1.274909149207060241e-05,-1.109815832055798761e-07
9.820000000000000000e+02,-1.293718365183776606e-05,-8.464371801628920745e-08
9.830000000000000000e+02,-1.309341060662508618e-05,-5.651012018259527591e-08
9.840000000000000000e+02,-1.321620701035713408e-05,-2.665701244851904883e-08
9.850000000000000000e+02,-1.330434749052821222e-05,4.802523202661185887e-09
9.860000000000000000e+02,-1.335688187743573342e-05,3.767419178020669488e-08
9.870000000000000000e+02,-1.337308551499982974e-05,7.157620403487677087e-08
9.880000000000000000e+02,-1.335242118734814678e-05,1.057983749445995347e-07
9.890000000000000000e+02,-1.329450865744684111e-05,1.393791931292009850e-07
9.900000000000000000e+02,-1.319910375184475710e-05,1.714722140103829800e-07
9.910000000000000000e+02,-1.306608409415658022e-05,2.015637939233024749e-07
9.920000000000000000e+02,-1.289544069696818709e-05,2.293852784565877781e-07
9.930000000000000000e+02,-1.268727500892082691e-05,2.547841335016615294e-07
9.940000000000000000e+02,-1.244180130141876588e-05,2.776611894827273436e-07
9.950000000000000000e+02,-1.215935592974086383e-05,2.979468092048018296e-07
9.960000000000000000e+02,-1.184041198772050796e-05,3.155902062671621210e-07
9.970000000000000000e+02,-1.148560402402250818e-05,3.305536084848088536e-07
9.980000000000000000e+02,-1.109577036953836833e-05,3.428087804630296131e-07
9.990000000000000000e+02,-1.067201213448620605e-05,3.523345243800198282e-07
1.000000000000000000e+03,-1.021578280046609000e-05,3.591149671757744336e-07
1.001000000000000000e+03,-9.729031944442430069e-06,3.631384933330951711e-07
1.002000000000000000e+03,-9.214408320857819841e-06,3.643969904415066004e-07
1.003000000000000000e+03,-8.675550908508999678e-06,3.628853691497065339e-07
1.004000000000000000e+03,-8.117481581576448051e-06,3.586013194252722292e-07
1.005000000000000000e+03,-7.546975310083583014e-06,3.515452162482169751e-07
1.006000000000000000e+03,-6.972730763432118157e-06,3.417201800570986860e-07
1.007000000000000000e+03,-6.405094940135155703e-06,3.291322952680034448e-07
1.008000000000000000e+03,-5.855091032775804821e-06,3.137910550122592880e-07
1.009000000000000000e+03,-5.333082088156469066e-06,2.957100884765223600e-07
1.010000000000000000e+03,-4.847737793804878194e-06,2.749082456587941198e-07
1.011000000000000000e+03,-4.405618339591402999e-06,2.514113957271240290e-07
1.012000000000000000e+03,-4.011361602801552872e-06,2.252551767686762761e-07
1.013000000000000000e+03,-3.668165241467137293e-06,1.964889336190831217e-07
1.014000000000000000e+03,-3.378230643484950072e-06,1.651818177476017622e-07
1.015000000000000000e+03,-3.143087234282800254e-06,1.314325214230019467e-07
1.016000000000000000e+03,-2.963808625529922609e-06,9.539647857455878284e-08
1.017000000000000000e+03,-2.841139481500412837e-06,5.743981949241325547e-08
1.018000000000000000e+03,-2.775569649916006061e-06,1.873768518504664348e-08
1.019000000000000000e+03,-2.767377326547016084e-06,-1.896672422256101881e-08
1.020000000000000000e+03,-2.816648547191813029e-06,-5.459803998848797830e-08
1.021000000000000000e+03,-2.923279340692558328e-06,-8.782626102762598179e-08
1.022000000000000000e+03,-3.086960625390699922e-06,-1.185033836282020106e-07
1.023000000000000000e+03,-3.307141787690138440e-06,-1.465336580540958491e-07
1.024000000000000000e+03,-3.582959707416167926e-06,-1.718500187408887135e-07
1.025000000000000000e+03,-3.913104784068281288e-06,-1.944051645676552617e-07
1.026000000000000000e+03,-4.295582758509119669e-06,-2.141653908723348513e-07
1.027000000000000000e+03,-4.727280924280563867e-06,-2.311063814006738585e-07
1.028000000000000000e+03,-5.203220774258216912e-06,-2.452106145543487729e-07
1.029000000000000000e+03,-5.715577128902042657e-06,-2.564656424124047646e-07
1.030000000000000000e+03,-6.252981463012855723e-06,-2.648630081204996052e-07
1.031000000000000000e+03,-6.801097625518923036e-06,-2.703976256979031618e-07
1.032000000000000000e+03,-7.344962723149965878e-06,-2.730674120692023585e-07
1.033000000000000000e+03,-7.871645654479848359e-06,-2.728731302669866439e-07
1.034000000000000000e+03,-8.371461374579730613e-06,-2.698184154494180374e-07
1.035000000000000000e+03,-8.837757486483755392e-06,-2.639099978256963208e-07
1.036000000000000000e+03,-9.266107066816464487e-06,-2.551581459056189446e-07
1.037000000000000000e+03,-9.653531167152139893e-06,-2.435773624067631422e-07
1.038000000000000000e+03,-9.997981591353491900e-06,-2.291875692618313560e-07
1.039000000000000000e+03,-1.029802361047723468e-05,-2.120159263476694976e-07
1.040000000000000000e+03,-1.055263866191431525e-05,-1.920994672765271721e-07
1.041000000000000000e+03,-1.076111017992528011e-05,-1.694893988777495161e-07
1.042000000000000000e+03,-1.092295572581035100e-05,-1.442580370080105715e-07
1.043000000000000000e+03,-1.103788530120403389e-05,-1.165120858633071057e-07
1.044000000000000000e+03,-1.110578061939844487e-05,-8.643089508955965666e-08
1.045000000000000000e+03,-1.112668829613448895e-05,-5.438943203333236469e-08
1.046000000000000000e+03,-1.110082462717632617e-05,-2.120893431406530512e-08
1.047000000000000000e+03,-1.102859315474988431e-05,1.192428020783476169e-08
1.048000000000000000e+03,-1.091061877913001344e-05,4.408470732087002662e-08
1.049000000000000000e+03,-1.074780673709166762e-05,7.485680121388618142e-08
1.050000000000000000e+03,-1.054143220140692459e-05,1.040676605164932024e-07
1.051000000000000000e+03,-1.029327624816303818e-05,1.316209885012849448e-07
1.052000000000000000e+03,-1.000582166707120997e-05,1.574501117691353002e-07
1.053000000000000000e+03,-9.682469046540924338e-06,1.815050210101341733e-07
1.054000000000000000e+03,-9.327698136319568253e-06,2.037474288597034438e-07
1.055000000000000000e+03,-8.947048411836811392e-06,2.241481086579709561e-07
1.056000000000000000e+03,-8.546769007582643443e-06,2.426848325834505927e-07
1.057000000000000000e+03,-8.133244071492827274e-06,2.593408345368704454e-07
1.058000000000000000e+03,-7.712462799665081487e-06,2.741037872923609115e-07
1.059000000000000000e+03,-7.289657544830335387e-06,2.869650114102639972e-07
1.060000000000000000e+03,-6.869176177711680153e-06,2.979189246433548999e-07
1.061000000000000000e+03,-6.454547916750588460e-06,3.069627146125441466e-07
1.062000000000000000e+03,-6.048602471856009970e-06,3.140961391855169016e-07
1.063000000000000000e+03,-5.653600547764072781e-06,3.193214559768881411e-07
1.064000000000000000e+03,-5.271361023009403555e-06,3.226434675842179063e-07
1.065000000000000000e+03,-4.903351962465165454e-06,3.240697109700996046e-07
1.066000000000000000e+03,-4.550757777657540828e-06,3.236107902365804622e-07
1.067000000000000000e+03,-4.214535631069673779e-06,3.212808348181063851e-07
1.068000000000000000e+03,-3.895453431304439275e-06,3.170982509181066400e-07
1.069000000000000000e+03,-3.594118476144106697e-06,3.110867750601615368e-07
1.070000000000000000e+03,-3.311003360113636300e-06,3.032768188805661327e-07
1.071000000000000000e+03,-3.046463773621227257e-06,2.937075738380234133e-07
1.072000000000000000e+03,-2.800752413716763939e-06,2.824299506656218883e-07
1.073000000000000000e+03,-2.574031420587903007e-06,2.695103263647347700e-07
1.074000000000000000e+03,-2.366379012545808557e-06,2.550360181803463845e-07
1.075000000000000000e+03,-2.177792808560522666e-06,2.391218465069573841e-07
1.076000000000000000e+03,-2.008191723166622645e-06,2.219158582398633470e-07
1.077000000000000000e+03,-1.857414399423761931e-06,2.036034787247404350e-07
1.078000000000000000e+03,-1.725216404667538425e-06,1.844057544642616681e-07
1.079000000000000000e+03,-1.611267506454824513e-06,1.645680002349504704e-07
1.080000000000000000e+03,-1.515149230317156423e-06,1.443434238969674288e-07
1.081000000000000000e+03,-1.436354917066382147e-06,1.239750449677234666e-07
1.082000000000000000e+03,-1.374293520241881392e-06,1.036798751663404452e-07
1.083000000000000000e+03,-1.328299641266446414e-06,8.364197888496520194e-08
1.084000000000000000e+03,-1.297649033377785974e-06,6.401221966531267396e-08
1.085000000000000000e+03,-1.281576751335282096e-06,4.491093558255241526e-08
1.086000000000000000e+03,-1.279299825753665433e-06,2.643335244597269239e-08
1.087000000000000000e+03,-1.290039463973256143e-06,8.655049490893705592e-09
1.088000000000000000e+03,-1.313038301473860183e-06,-8.363935295417453031e-09
1.089000000000000000e+03,-1.347577369131306822e-06,-2.457542206996950622e-08
1.090000000000000000e+03,-1.392987574608624376e-06,-3.994026382927724419e-08
1.091000000000000000e+03,-1.448651755379541281e-06,-5.442652703483240323e-08
1.092000000000000000e+03,-1.514004643238150340e-06,-6.800795474431338198e-08
1.093000000000000000e+03,-1.588528621965554322e-06,-8.066282285122933565e-08
1.094000000000000000e+03,-1.671743753034600894e-06,-9.237324515180264222e-08
1.095000000000000000e+03,-1.763200343623587971e-06,-1.031245536390010583e-07
1.096000000000000000e+03,-1.862471907680467104e-06,-1.129048325054813144e-07
1.097000000000000000e+03,-1.969145403787401379e-06,-1.217046554940761539e-07
1.098000000000000000e+03,-2.082815714331027492e-06,-1.295168396334363901e-07
1.099000000000000000e+03,-2.203081523843803340e-06,-1.363362682056881374e-07
1.100000000000000000e+03,-2.329538736023830221e-06,-1.421598121641724321e-07
1.101000000000000000e+03,-2.461777577164455428e-06,-1.469862708508021547e-07
1.102000000000000000e+03,-2.599379862413796402e-06,-1.508163560206328090e-07
1.103000000000000000e+03,-2.741912915048384963e-06,-1.536527208164133907e-07
1.104000000000000000e+03,-2.888926686485420624e-06,-1.555000379333908262e-07
1.105000000000000000e+03,-3.039949815943655131e-06,-1.563651209483100524e-07
1.106000000000000000e+03,-3.194480697071250124e-06,-1.562570582494064090e-07
1.107000000000000000e+03,-3.351980963691383366e-06,-1.551874504530115800e-07
1.108000000000000000e+03,-3.511868015320874198e-06,-1.531707105390854859e-07
1.109000000000000000e+03,-3.673503215443513202e-06,-1.502243543427371345e-07
1.110000000000000000e+03,-3.836183543973942119e-06,-1.463694810578832436e-07
1.111000000000000000e+03,-3.999132953653139445e-06,-1.416313523417373873e-07
1.112000000000000000e+03,-4.161490074896017796e-06,-1.360399258392687638e-07
1.113000000000000000e+03,-4.322301723578903505e-06,-1.296306869762358098e-07
1.114000000000000000e+03,-4.480518264223452265e-06,-1.224455831449441252e-07
1.115000000000000000e+03,-4.634987742390331724e-06,-1.145337611869715166e-07
1.116000000000000000e+03,-4.784461906311657496e-06,-1.059526244192719735e-07
1.117000000000000000e+03,-4.927611847918023983e-06,-9.676878120284498603e-08
1.118000000000000000e+03,-5.063050019454602504e-06,-8.705828799113463247e-08
1.119000000000000000e+03,-5.189371017936826092e-06,-7.690692713552119681e-08
1.120000000000000000e+03,-5.305203858697866062e-06,-6.640980276454725775e-08
1.121000000000000000e+03,-5.409262232889140049e-06,-5.566945365006611183e-08
1.122000000000000000e+03,-5.500391187804025060e-06,-4.479378590626075158e-08
1.123000000000000000e+03,-5.577598446612408471e-06,-3.389326464982935295e-08
1.124000000000000000e+03,-5.640065736378472760e-06,-2.307692878162473450e-08
1.125000000000000000e+03,-5.687149476958409785e-06,-1.244923466232623920e-08
1.126000000000000000e+03,-5.718374056776361681e-06,-2.107418833025536037e-09
1.127000000000000000e+03,-5.733421808878287978e-06,7.860996691306289399e-09
1.128000000000000000e+03,-5.732125063273064472e-06,1.737907114975013685e-08
1.129000000000000000e+03,-5.714460981483531197e-06,2.638040825677641967e-08
1.130000000000000000e+03,-5.680550042613069869e-06,3.480893280520898392e-08
1.131000000000000000e+03,-5.630657350424682644e-06,4.261781807441714474e-08
1.132000000000000000e+03,-5.565197496345270018e-06,4.976822540255364063e-08
1.133000000000000000e+03,-5.484744206266914304e-06,5.622832263111648248e-08
1.134000000000000000e+03,-5.390039274226505096e-06,6.197216260892261483e-08
1.135000000000000000e+03,-5.282002758371309222e-06,6.697870932482113128e-08
1.136000000000000000e+03,-5.161747790077711029e-06,7.123117622032199227e-08
1.137000000000000000e+03,-5.030589757581739438e-06,7.471639775183647899e-08
1.138000000000000000e+03,-4.890051051067932450e-06,7.742433726395611002e-08
1.139000000000000000e+03,-4.741862019225366506e-06,7.934778234694041390e-08
1.140000000000000000e+03,-4.587939557952453789e-06,8.048208899792414481e-08
1.141000000000000000e+03,-4.430350888699586225e-06,8.082501357547838476e-08
1.142000000000000000e+03,-4.271274592341660300e-06,8.037664289116180611e-08
1.143000000000000000e+03,-4.112942545017106362e-06,7.913939458445815129e-08
1.144000000000000000e+03,-3.957575723538451376e-06,7.711809369119719803e-08
1.145000000000000000e+03,-3.807327485316615432e-06,7.432010686731241866e-08
1.146000000000000000e+03,-3.664218428816286855e-06,7.075560672364007459e-08
1.147000000000000000e+03,-3.530082640330015905e-06,6.643794314159486558e-08
1.148000000000000000e+03,-3.406542836872806757e-06,6.138406548371149189e-08
1.149000000000000000e+03,-3.294998235580481692e-06,5.561518635670081913e-08
1.150000000000000000e+03,-3.196627839913167480e-06,4.915760590573369932e-08
1.151000000000000000e+03,-3.112408699037393488e-06,4.204354012094253538e-08
1.152000000000000000e+03,-3.043133637396625372e-06,3.431226713730227278e-08
1.153000000000000000e+03,-2.989429894971195630e-06,2.601131092776211229e-08
1.154000000000000000e+03,-2.951779555031544254e-06,1.719720948059590853e-08
1.155000000000000000e+03,-2.930534698377423924e-06,7.936282914907156087e-09
1.156000000000000000e+03,-2.925929186000447664e-06,-1.695227363445815615e-09
1.157000000000000000e+03,-2.938088387007688722e-06,-1.161237570895726324e-08
1.158000000000000000e+03,-2.967034661212584921e-06,-2.172314518203097555e-08
1.159000000000000000e+03,-3.012689477550431042e-06,-3.193094046586305591e-08
1.160000000000000000e+03,-3.074872355089107625e-06,-4.213824997371955557e-08
1.161000000000000000e+03,-3.153297497488858791e-06,-5.224968603154394422e-08
1.162000000000000000e+03,-3.247568037291143470e-06,-6.217460559827621439e-08
1.163000000000000000e+03,-3.357166547003231542e-06,-7.182963410541561713e-08
1.164000000000000000e+03,-3.481444354079127690e-06,-8.113973474783257631e-08
1.165000000000000000e+03,-3.619607369475182925e-06,-9.003848689611767743e-08
1.166000000000000000e+03,-3.770696930452554288e-06,-9.846823831733920801e-08
1.167000000000000000e+03,-3.933575990903372769e-06,-1.063794271218435219e-07
1.168000000000000000e+03,-4.106922191780103943e-06,-1.137296862308472219e-07
1.169000000000000000e+03,-4.289229372124037578e-06,-1.204831852645007984e-07
1.170000000000000000e+03,-4.478834916859808140e-06,-1.266097283765660059e-07
1.171000000000000000e+03,-4.673967815427009940e-06,-1.320839239186133379e-07
1.172000000000000000e+03,-4.872804253873827386e-06,-1.368846345729270176e-07
1.173000000000000000e+03,-5.073535033044233042e-06,-1.409943751139858413e-07
1.174000000000000000e+03,-5.274424237876448278e-06,-1.443988075222714721e-07
1.175000000000000000e+03,-5.473843885806395545e-06,-1.470864287927568910e-07
1.176000000000000000e+03,-5.670300501758638035e-06,-1.490482499613535189e-07
1.177000000000000000e+03,-5.862449474120019149e-06,-1.502775422722275453e-07
1.178000000000000000e+03,-6.049094245350666993e-06,-1.507696951963148127e-07
1.179000000000000000e+03,-6.229185687717642597e-06,-1.505220846465894193e-07
1.180000000000000000e+03,-6.401817506193074417e-06,-1.495339863017918798e-07
1.181000000000000000e+03,-6.566214118231514951e-06,-1.478065459902322961e-07
1.182000000000000000e+03,-6.721721720581219998e-06,-1.453427834005120251e-07
1.183000000000000000e+03,-6.867799680339214910e-06,-1.421476311909831076e-07
1.184000000000000000e+03,-7.004008935207756108e-06,-1.382279883893512622e-07
1.185000000000000000e+03,-7.130003301824925742e-06,-1.335928344509809120e-07
1.186000000000000000e+03,-7.245521286972109907e-06,-1.282533682176883296e-07
1.187000000000000000e+03,-7.350376627362669848e-06,-1.222231074346564256e-07
1.188000000000000000e+03,-7.444451470005567520e-06,-1.155180698723019134e-07
1.189000000000000000e+03,-7.527689883887669124e-06,-1.081569521946522922e-07
1.190000000000000000e+03,-7.600089747572572731e-06,-1.001611882911162637e-07
1.191000000000000000e+03,-7.661695273443439491e-06,-9.155510438078108890e-08
1.192000000000000000e+03,-7.712588971784867906e-06,-8.236603500338514640e-08
1.193000000000000000e+03,-7.752882705594129419e-06,-7.262422775813697700e-08
1.194000000000000000e+03,-7.782709997140223540e-06,-6.236287980793893414e-08
1.195000000000000000e+03,-7.802219349582176135e-06,-5.161812071729987021e-08
1.196000000000000000e+03,-7.811567873022582449e-06,-4.042871983101457220e-08
1.197000000000000000e+03,-7.810915093776848273e-06,-2.883599562046212185e-08
1.198000000000000000e+03,-7.800416466106739819e-06,-1.688369056657743464e-08
1.199000000000000000e+03,-7.780216698267562324e-06,-4.617539939213791610e-09
1.200000000000000000e+03,-7.750443498554001449e-06,7.914876148554122497e-09
1.201000000000000000e+03,-7.711203252276011940e-06,2.066428628313224798e-08
1.202000000000000000e+03,-7.662579627750260299e-06,3.358020443124947989e-08
1.203000000000000000e+03,-7.604633956179983423e-06,4.661106406708205159e-08
1.204000000000000000e+03,-7.537407517709583309e-06,5.970434229975619816e-08
1.205000000000000000e+03,-7.460926528305238161e-06,7.280702406529315666e-08
1.206000000000000000e+03,-7.375208563228149131e-06,8.586569734913682516e-08
1.207000000000000000e+03,-7.280269601211087960e-06,9.882663849409701518e-08
1.208000000000000000e+03,-7.176131770080229735e-06,1.116362532002845394e-07
1.209000000000000000e+03,-7.062831096660207648e-06,1.242411479371752104e-07
1.210000000000000000e+03,-6.940425431590059351e-06,1.365881994114103735e-07
1.211000000000000000e+03,-6.809002405243781681e-06,1.486249862821973358e-07
1.212000000000000000e+03,-6.668685449823996446e-06,1.602998656872114482e-07
1.213000000000000000e+03,-6.519638345512880870e-06,1.715620545808405304e-07
1.214000000000000000e+03,-6.362068699083555245e-06,1.823620628565671917e-07
1.215000000000000000e+03,-6.196227849798636638e-06,1.926517921178737767e-07
1.216000000000000000e+03,-6.022408317922545646e-06,2.023846367992714313e-07
1.217000000000000000e+03,-5.840940007001863707e-06,2.115159021404343715e-07
1.218000000000000000e+03,-5.652182061522051715e-06,2.200029094354064890e-07
1.219000000000000000e+03,-5.456513724296606795e-06,2.278050880623623464e-07
1.220000000000000000e+03,-5.254328106920258865e-06,2.348843237425595407e-07
1.221000000000000000e+03,-5.046025415359995804e-06,2.412050189555246932e-07
1.222000000000000000e+03,-4.832007871389731646e-06,2.467341190107380477e-07
1.223000000000000000e+03,-4.612679126101562415e-06,2.514413231374428633e-07
1.224000000000000000e+03,-4.388443858029884010e-06,2.552990490279275839e-07
1.225000000000000000e+03,-4.159709368603623055e-06,2.582823565474088368e-07
1.226000000000000000e+03,-3.926891488231439131e-06,2.603690010601933614e-07
1.227000000000000000e+03,-3.690420375095944446e-06,2.615393080536716893e-07
1.228000000000000000e+03,-3.450748473453235285e-06,2.617760253472348956e-07
1.229000000000000000e+03,-3.208362095631269826e-06,2.610642737280812239e-07
1.230000000000000000e+03,-2.963789826709803071e-06,2.593913973434252011e-07
1.231000000000000000e+03,-2.717610776490455108e-06,2.567468174478171745e-07
1.232000000000000000e+03,-2.470466281603366848e-06,2.531219608557927987e-07
1.233000000000000000e+03,-2.223067282502081798e-06,2.485101511481540679e-07
1.234000000000000000e+03,-1.976200051625042659e-06,2.429065182463224926e-07
1.235000000000000000e+03,-1.730733591013599316e-06,2.363079559091155882e-07
1.236000000000000000e+03,-1.487618725811435974e-06,2.287130873158038359e-07
1.237000000000000000e+03,-1.247882271851896300e-06,2.201222576833210363e-07
1.238000000000000000e+03,-1.012622064281137270e-06,2.105375516641370817e-07
1.239000000000000000e+03,-7.829942912622425652e-07,1.999628622110662152e-07
1.240000000000000000e+03,-5.601992365319061265e-07,1.884040017829548265e-07
1.241000000000000000e+03,-3.454717940885438268e-07,1.758688265804136327e-07
1.242000000000000000e+03,-1.400665125619573743e-07,1.623674735797555480e-07
1.243000000000000000e+03,5.475566658549168916e-08,1.479126785070485127e-07
1.244000000000000000e+03,2.377330144634042608e-07,1.325201205757476007e-07
1.245000000000000000e+03,4.076141025195085858e-07,1.162090029595128338e-07
1.246000000000000000e+03,5.631688508289613310e-07,9.900282526394665347e-08
1.247000000000000000e+03,7.031957473328187543e-07,8.093027945326587580e-08
1.248000000000000000e+03,8.265391233545069888e-07,6.202670166239545220e-08
1.249000000000000000e+03,9.321091174459640905e-07,4.233606768775596616e-08
1.250000000000000000e+03,1.018895925208543998e-06,2.191348430776308966e-08
1.251000000000000000e+03,1.085985828151372522e-06,8.291174643049420571e-10
1.252000000000000000e+03,1.132572151396402159e-06,-2.082645054529791616e-08
1.253000000000000000e+03,1.157956591137868955e-06,-4.293582631219033011e-08
1.254000000000000000e+03,1.161548749456698920e-06,-6.534629087201409433e-08
1.255000000000000000e+03,1.142862215607892192e-06,-8.786163047787325532e-08
1.256000000000000000e+03,1.101506931271603873e-06,-1.102395248050735889e-07
1.257000000000000000e+03,1.037182953041382740e-06,-1.321970337709569376e-07
1.258000000000000000e+03,9.496747449046858840e-07,-1.534296192890632140e-07
1.259000000000000000e+03,8.388458521298882791e-07,-1.736421068150392437e-07
1.260000000000000000e+03,7.046356517183395675e-07,-1.925756459577350706e-07
1.261000000000000000e+03,5.470589857841624566e-07,-2.100218095243861812e-07
1.262000000000000000e+03,3.662099928330058358e-07,-2.258236654127957366e-07
1.263000000000000000e+03,1.622690741662516423e-07,-2.398665249436185065e-07
1.264000000000000000e+03,-6.448598955164758332e-08,-2.520666411465188042e-07
1.265000000000000000e+03,-3.136628462375220325e-07,-2.623624049108406937e-07
1.266000000000000000e+03,-5.847343246368267767e-07,-2.707076193413682129e-07
1.267000000000000000e+03,-8.770111624619365872e-07,-2.770669708612715702e-07
1.268000000000000000e+03,-1.189602023449514077e-06,-2.814132845150329089e-07
1.269000000000000000e+03,-1.521365898053373366e-06,-2.837255439158071444e-07
1.270000000000000000e+03,-1.870848627101463161e-06,-2.839875290975039481e-07
1.271000000000000000e+03,-2.236193369217466240e-06,-2.821869720434552141e-07
1.272000000000000000e+03,-2.615042152731409529e-06,-2.783149126906821393e-07
1.273000000000000000e+03,-3.004424000269675607e-06,-2.723652625258436270e-07
1.274000000000000000e+03,-3.400627389194509929e-06,-2.643345722167575313e-07
1.275000000000000000e+03,-3.799120603270697819e-06,-2.542219079062195780e-07
1.276000000000000000e+03,-4.194552247248481914e-06,-2.420288526615039016e-07
1.277000000000000000e+03,-4.580875635619519338e-06,-2.277596370801673301e-07
1.278000000000000000e+03,-4.951708575467187626e-06,-2.114214270255863092e-07
1.279000000000000000e+03,-5.300847321969652989e-06,-1.930247902772550352e-07
1.280000000000000000e+03,-5.622731071083370195e-06,-1.725843515543191475e-07
1.281000000000000000e+03,-5.912747330845723969e-06,-1.501198218388236986e-07
1.282000000000000000e+03,-6.167297544810634883e-06,-1.256574366629997580e-07
1.283000000000000000e+03,-6.383670551318002400e-06,-9.923178921346339390e-08
1.284000000000000000e+03,-6.559865313587493934e-06,-7.088852350723933815e-08
1.285000000000000000e+03,-6.694419930973584644e-06,-4.068812134935888035e-08
1.286000000000000000e+03,-6.786267814079264566e-06,-8.712486911698372255e-09
1.287000000000000000e+03,-6.834638255093677745e-06,2.491458255724760122e-08
1.288000000000000000e+03,-6.838989442391224723e-06,5.994987725735693996e-08
1.289000000000000000e+03,-6.798963007772165185e-06,9.579526051673948581e-08
1.290000000000000000e+03,-6.714357458988900890e-06,1.312969438007716533e-07
1.291000000000000000e+03,-6.585113546101845198e-06,1.652493170180683887e-07
1.292000000000000000e+03,-6.411309275305494932e-06,1.969723155453222496e-07
1.293000000000000000e+03,-6.193165453696210464e-06,2.261780084875580454e-07
1.294000000000000000e+03,-5.931062833832092152e-06,2.527208398254661404e-07
1.295000000000000000e+03,-5.625574498959851389e-06,2.765085923912321373e-07
1.296000000000000000e+03,-5.277515587256676160e-06,2.974761043481720358e-07
1.297000000000000000e+03,-4.888022312946418797e-06,3.155755265017808298e-07
1.298000000000000000e+03,-4.458681151953079036e-06,3.307714181907445127e-07
1.299000000000000000e+03,-3.991721851550476551e-06,3.430373488805469125e-07
1.300000000000000000e+03,-3.490316940019492240e-06,3.523535522607377806e-07
