2.000000000000000000e+02,1.312992407812182483e-03,-3.488087772809751372e-04
2.010000000000000000e+02,9.953879484365347422e-04,-3.317452478502404289e-04
2.020000000000000000e+02,6.777834890608871099e-04,-3.146817184195056663e-04
2.030000000000000000e+02,3.757799986930028839e-04,-2.977133663688323671e-04
2.040000000000000000e+02,8.937751543103882794e-05,-2.808401919616775391e-04
2.050000000000000000e+02,-1.814238855210350534e-04,-2.640621959362815974e-04
2.060000000000000000e+02,-4.366240974690647060e-04,-2.473793798876601112e-04
2.070000000000000000e+02,-6.762229985658596435e-04,-2.307917466913524324e-04
2.080000000000000000e+02,-9.002204633782392865e-04,-2.142993010438413472e-04
2.090000000000000000e+02,-1.108616365123670866e-03,-1.979020503386452431e-04
2.100000000000000000e+02,-1.301410585568380050e-03,-1.816000058648122668e-04
2.110000000000000000e+02,-1.478603041859107318e-03,-1.653931851357253065e-04
2.120000000000000000e+02,-1.640193732515159066e-03,-1.492816176162646861e-04
2.130000000000000000e+02,-1.786182801103968409e-03,-1.332653600799151906e-04
2.140000000000000000e+02,-1.916570609299316549e-03,-1.173445718654215738e-04
2.150000000000000000e+02,-2.031357829396913256e-03,-1.019783146698036332e-04
2.160000000000000000e+02,-2.130545585760722227e-03,-8.762583248880550016e-05
2.170000000000000000e+02,-2.214135722972101344e-03,-7.428748020628114063e-05
2.180000000000000000e+02,-2.282131416064561019e-03,-6.196332854323815013e-05
2.190000000000000000e+02,-2.334538695029609971e-03,-5.065340585732870616e-05
2.200000000000000000e+02,-2.371372477846294714e-03,-4.035772521082251944e-05
2.210000000000000000e+02,-2.392759738746116742e-03,-3.107629190395301376e-05
2.220000000000000000e+02,-2.405321324486892846e-03,-2.280910562862539190e-05
2.230000000000000000e+02,-2.415577982824798024e-03,-1.555616020655357085e-05
2.240000000000000000e+02,-2.423551330269859555e-03,-9.317440319057117309e-06
2.250000000000000000e+02,-2.429250140667137646e-03,-4.092910456065359650e-06
2.260000000000000000e+02,-2.432679725243296932e-03,1.175461993649021971e-07
2.270000000000000000e+02,-2.433844123764323120e-03,3.662030216979765729e-06
2.280000000000000000e+02,-2.432746938559428047e-03,6.888705076996015025e-06
2.290000000000000000e+02,-2.429391832131491246e-03,9.797759376561645148e-06
2.300000000000000000e+02,-2.423783035511555602e-03,1.238924054952187175e-05
2.310000000000000000e+02,-2.415925918373740093e-03,1.466316861349346787e-05
2.320000000000000000e+02,-2.405827954574018494e-03,1.661955261135687978e-05
2.330000000000000000e+02,-2.393500981880355462e-03,1.825839532976157226e-05
2.340000000000000000e+02,-2.378966597223944931e-03,1.957969444617816437e-05
2.350000000000000000e+02,-2.362274809419019368e-03,2.058344169924100788e-05
2.360000000000000000e+02,-2.343565791229417633e-03,2.126961900278581251e-05
2.370000000000000000e+02,-2.323110267819591349e-03,2.163818631461264527e-05
2.380000000000000000e+02,-2.301219811023174147e-03,2.168901615611791201e-05
2.390000000000000000e+02,-2.278163460620730510e-03,2.139530305741065971e-05
2.400000000000000000e+02,-2.254179437206194677e-03,2.073018791743203875e-05
2.410000000000000000e+02,-2.229513199094338479e-03,1.969348129980545679e-05
2.420000000000000000e+02,-2.204492019946466090e-03,1.828513145358110200e-05
2.430000000000000000e+02,-2.179789084581396259e-03,1.650511496443212087e-05
2.440000000000000000e+02,-2.157702130290947793e-03,1.435342009664780797e-05
2.450000000000000000e+02,-2.140289335127364741e-03,1.183004139348604946e-05
2.460000000000000000e+02,-2.127821409739982187e-03,8.934977867278337858e-06
2.470000000000000000e+02,-2.120342564580276513e-03,5.668232558902858290e-06
2.480000000000000000e+02,-2.117869169368926524e-03,2.029812987214447379e-06
2.490000000000000000e+02,-2.120409778642088489e-03,-1.980267621062966401e-06
2.500000000000000000e+02,-2.127969503762844761e-03,-6.361987814282331624e-06
2.510000000000000000e+02,-2.140551721997227281e-03,-1.111531269443099472e-05
2.520000000000000000e+02,-2.158158788160740096e-03,-1.624018505529508305e-05
2.530000000000000000e+02,-2.180792371881480878e-03,-2.173650718535539330e-05
2.540000000000000000e+02,-2.208453657286736736e-03,-2.760409684654741569e-05
2.550000000000000000e+02,-2.241143445201729777e-03,-3.384257839427041818e-05
2.560000000000000000e+02,-2.278862213822203421e-03,-4.045090638638672238e-05
2.570000000000000000e+02,-2.321610159976807836e-03,-4.732638833656132004e-05
2.580000000000000000e+02,-2.369387210654572487e-03,-5.397551473088639035e-05
2.590000000000000000e+02,-2.422193013389065033e-03,-6.000602380201186948e-05
2.600000000000000000e+02,-2.480026900541964976e-03,-6.541708036095190233e-05
2.610000000000000000e+02,-2.542887832039224597e-03,-7.020843004050449782e-05
2.620000000000000000e+02,-2.610774288516728471e-03,-7.437996124977273263e-05
2.630000000000000000e+02,-2.683684053136508631e-03,-7.793161510561662502e-05
2.640000000000000000e+02,-2.761613837179381376e-03,-8.086335769835857818e-05
2.650000000000000000e+02,-2.844558473317983401e-03,-8.317516883316632191e-05
2.660000000000000000e+02,-2.932508736120480013e-03,-8.486703629204656973e-05
2.670000000000000000e+02,-3.025443694927062999e-03,-8.593895322290325553e-05
2.680000000000000000e+02,-3.123220259349907772e-03,-8.639091686205104838e-05
2.690000000000000000e+02,-3.220910455933869224e-03,-8.622292784529030703e-05
2.700000000000000000e+02,-3.313681855045385802e-03,-8.543498991654041770e-05
2.710000000000000000e+02,-3.401490474547264834e-03,-8.402710962409138036e-05
2.720000000000000000e+02,-3.484318511237872052e-03,-8.199929564444849645e-05
2.730000000000000000e+02,-3.562155081619119024e-03,-7.935155730574498898e-05
2.740000000000000000e+02,-3.634992277354651916e-03,-7.608390280674569935e-05
2.750000000000000000e+02,-3.702823530449460884e-03,-7.219633795937782032e-05
2.760000000000000000e+02,-3.765642880228354215e-03,-6.768886549873739640e-05
2.770000000000000000e+02,-3.823444524417702467e-03,-6.256148468148899425e-05
2.780000000000000000e+02,-3.876222363583618422e-03,-5.681419056277183595e-05
2.790000000000000000e+02,-3.923969586830722278e-03,-5.044697239495111085e-05
2.800000000000000000e+02,-3.966678011627699195e-03,-4.345980934430268913e-05
2.810000000000000000e+02,-4.004336666623138467e-03,-3.585265630591186062e-05
2.820000000000000000e+02,-4.036928845197701281e-03,-2.762537095371861662e-05
2.830000000000000000e+02,-4.064421615342780555e-03,-1.875194625802841951e-05
2.840000000000000000e+02,-4.086614734555061440e-03,-9.206324403829343469e-06
2.850000000000000000e+02,-4.099112065895418704e-03,1.011694144998871782e-06
2.860000000000000000e+02,-4.097651416466513083e-03,1.190216384691286147e-05
2.870000000000000000e+02,-4.082177328701791681e-03,2.346511027818281876e-05
2.880000000000000000e+02,-4.052672567599001872e-03,3.570054710720169940e-05
2.890000000000000000e+02,-4.009128719332487496e-03,4.860848131590121067e-05
2.900000000000000000e+02,-3.951540994146894928e-03,6.218891534375749100e-05
2.910000000000000000e+02,-3.879906462167061806e-03,7.644184770611715709e-05
2.920000000000000000e+02,-3.794223294350882424e-03,9.136727267909563327e-05
2.930000000000000000e+02,-3.694490362404510408e-03,1.069651787937940637e-04
2.940000000000000000e+02,-3.580707050296217959e-03,1.232355451281331126e-04
2.950000000000000000e+02,-3.452873169112254115e-03,1.401783305006593094e-04
2.960000000000000000e+02,-3.310988937884342190e-03,1.577934240159951517e-04
2.970000000000000000e+02,-3.155055039648200013e-03,1.747457081409608767e-04
2.980000000000000000e+02,-2.985072793000647425e-03,1.880225186863856545e-04
2.990000000000000000e+02,-2.801044595759135097e-03,1.959461517044090283e-04
3.000000000000000000e+02,-2.602975079105751457e-03,1.985165106402189466e-04
3.010000000000000000e+02,-2.390875694484091967e-03,1.957335633363614365e-04
3.020000000000000000e+02,-2.164841828456653353e-03,1.875972956532794597e-04
3.030000000000000000e+02,-1.950613378001113613e-03,1.741077020135365001e-04
3.040000000000000000e+02,-1.773855283323582223e-03,1.552647827415690261e-04
3.050000000000000000e+02,-1.634583503389502391e-03,1.310685439141772606e-04
3.060000000000000000e+02,-1.532803754564098821e-03,1.015189990234807753e-04
3.070000000000000000e+02,-1.468518848974462165e-03,6.661617353519326871e-05
3.080000000000000000e+02,-1.441730345116892537e-03,2.636011648807177411e-05
3.090000000000000000e+02,-1.452439090014415223e-03,-1.924906992393972410e-05
3.100000000000000000e+02,-1.500645432882806961e-03,-7.021110342059216783e-05
3.110000000000000000e+02,-1.586349306386139685e-03,-1.218036178637429154e-04
3.120000000000000000e+02,-1.709550214494420491e-03,-1.673917148356717454e-04
3.130000000000000000e+02,-1.870247127477147556e-03,-2.050624939258640451e-04
3.140000000000000000e+02,-2.068438210293840201e-03,-2.348157545896074135e-04
3.150000000000000000e+02,-2.304120223096593062e-03,-2.566514336072125741e-04
3.160000000000000000e+02,-2.577286810634146861e-03,-2.705695041979962515e-04
3.170000000000000000e+02,-2.887920776373609048e-03,-2.765699540045335209e-04
3.180000000000000000e+02,-3.215005067739656712e-03,-2.746527786460182803e-04
3.190000000000000000e+02,-3.519492169567804609e-03,-2.648179800009343348e-04
3.200000000000000000e+02,-3.783325378144506736e-03,-2.470655672518099030e-04
3.210000000000000000e+02,-4.006486989799423921e-03,-2.213955618625640062e-04
3.220000000000000000e+02,-4.188970515587607524e-03,-1.878080151998120324e-04
3.230000000000000000e+02,-4.330772652742266582e-03,-1.463031021843076989e-04
3.240000000000000000e+02,-4.431891520835247629e-03,-9.898580169197941875e-05
3.250000000000000000e+02,-4.492326043084925863e-03,-5.015436937739022787e-05
3.260000000000000000e+02,-4.512075662106202270e-03,-2.002540862531846575e-06
3.270000000000000000e+02,-4.491140223567995082e-03,4.546919221215893736e-05
3.280000000000000000e+02,-4.429519941763061450e-03,9.226049356081045456e-05
3.290000000000000000e+02,-4.327215427839645363e-03,1.383709229836305426e-04
3.300000000000000000e+02,-4.184227780061810717e-03,1.837983640623781897e-04
3.310000000000000000e+02,-4.000558782519674471e-03,2.259746744248547099e-04
3.320000000000000000e+02,-3.776211346427874906e-03,2.623333825281362391e-04
3.330000000000000000e+02,-3.511190423486506250e-03,2.928742745064522252e-04
3.340000000000000000e+02,-3.205505524044629725e-03,3.175972900107297070e-04
3.350000000000000000e+02,-2.859181531944417903e-03,3.365024039900764430e-04
3.360000000000000000e+02,-2.472873423818983812e-03,3.495896053103621942e-04
3.370000000000000000e+02,-2.076778271660271145e-03,3.568588906695445645e-04
3.380000000000000000e+02,-1.700481026808397514e-03,3.583102629216069882e-04
3.390000000000000000e+02,-1.344013967893687095e-03,3.539437322721210419e-04
3.400000000000000000e+02,-1.007388929373594479e-03,3.437593217858454331e-04
3.410000000000000000e+02,-6.906120975829471015e-04,3.277570869182434084e-04
3.420000000000000000e+02,-3.936871942239131435e-04,3.059372072470357170e-04
3.430000000000000000e+02,-1.166166024318646978e-04,2.802295628928983115e-04
3.440000000000000000e+02,1.405980926259824300e-04,2.540493548278187721e-04
3.450000000000000000e+02,3.779558512541683602e-04,2.288823331705556736e-04
3.460000000000000000e+02,5.954560475545241875e-04,2.047289291795311914e-04
3.470000000000000000e+02,7.930983924928863924e-04,1.815894016910663000e-04
3.480000000000000000e+02,9.708829058185829619e-04,1.594639998391747385e-04
3.490000000000000000e+02,1.128809923616058350e-03,1.383530873200011595e-04
3.500000000000000000e+02,1.266880150210078926e-03,1.182582541026772592e-04
3.510000000000000000e+02,1.385094758292953077e-03,9.927085576937730760e-05
3.520000000000000000e+02,1.483455590365728152e-03,8.148107877617205607e-05
3.530000000000000000e+02,1.561965598155627254e-03,6.488916586308346229e-05
3.540000000000000000e+02,1.620629757770190079e-03,4.949519262264033125e-05
3.550000000000000000e+02,1.659457639155291009e-03,3.529919237173291844e-05
3.560000000000000000e+02,1.678475330239050751e-03,2.230118196670429355e-05
3.570000000000000000e+02,1.679668845169305898e-03,1.050116963672468910e-05
3.580000000000000000e+02,1.670918886283529825e-03,-1.008421850300661823e-07
3.590000000000000000e+02,1.658159049403859237e-03,-9.504856057173616756e-06
3.600000000000000000e+02,1.641415455859687690e-03,-1.771088039331133844e-05
3.610000000000000000e+02,1.620698640027909204e-03,-2.471893290059888290e-05
3.620000000000000000e+02,1.596014580826437710e-03,-3.052905175593027603e-05
3.630000000000000000e+02,1.567367205283958951e-03,-3.514134432787358118e-05
3.640000000000000000e+02,1.534759304733625609e-03,-3.868690962276381882e-05
3.650000000000000000e+02,1.498193001368686725e-03,-4.180812052551386885e-05
3.660000000000000000e+02,1.457669978039613252e-03,-4.501642138599083607e-05
3.670000000000000000e+02,1.413191615999610535e-03,-4.831193183983473812e-05
3.680000000000000000e+02,1.364759106250936545e-03,-5.169469697927701033e-05
3.690000000000000000e+02,1.312373515679649948e-03,-5.516473984974195910e-05
3.700000000000000000e+02,1.256035837226547169e-03,-5.872207317740134471e-05
3.710000000000000000e+02,1.195747044156103079e-03,-6.236670379463219783e-05
3.720000000000000000e+02,1.131508122170077910e-03,-6.609863431169791007e-05
3.730000000000000000e+02,1.063320094520078590e-03,-6.991786367690187593e-05
3.740000000000000000e+02,9.911840586929216053e-04,-7.382438702506891103e-05
3.750000000000000000e+02,9.151012064789932786e-04,-7.781819486502261586e-05
3.760000000000000000e+02,8.350728477909792006e-04,-8.189927108081806746e-05
3.770000000000000000e+02,7.511004623592132954e-04,-8.606758795639106734e-05
3.780000000000000000e+02,6.631857421836136668e-04,-9.032309446702748497e-05
3.790000000000000000e+02,5.713306558074798206e-04,-9.466567302188152761e-05
3.800000000000000000e+02,4.755375761887609262e-04,-9.909467520514362443e-05
3.810000000000000000e+02,3.758094219851352094e-04,-1.033545292899102540e-04
3.820000000000000000e+02,2.721498805480683926e-04,-1.071900743778858036e-04
3.830000000000000000e+02,1.645638406385726714e-04,-1.106011103823777381e-04
3.840000000000000000e+02,5.305804691922681732e-05,-1.135875692603031300e-04
3.850000000000000000e+02,-6.235750490891548521e-05,-1.161494181250708103e-04
3.860000000000000000e+02,-1.816655699806554638e-04,-1.182866387674522883e-04
3.870000000000000000e+02,-3.048261231934693808e-04,-1.199992210029345138e-04
3.880000000000000000e+02,-4.316064414632996872e-04,-1.212871599893040512e-04
3.890000000000000000e+02,-5.592359486578736593e-04,-1.221504549934196101e-04
3.900000000000000000e+02,-6.850538980042082410e-04,-1.225891091914739115e-04
3.910000000000000000e+02,-8.089466509131644631e-04,-1.226031302672569339e-04
3.920000000000000000e+02,-9.308852094613274085e-04,-1.221925322076549791e-04
3.930000000000000000e+02,-1.050854609618223461e-03,-1.213573386981160729e-04
3.940000000000000000e+02,-1.168845598680860916e-03,-1.200975906929602286e-04
3.950000000000000000e+02,-1.284851839250618919e-03,-1.184133664858182615e-04
3.960000000000000000e+02,-1.398868769977811705e-03,-1.163048420217362204e-04
3.970000000000000000e+02,-1.510893033546486684e-03,-1.137726367308593300e-04
3.980000000000000000e+02,-1.620922105091763751e-03,-1.110457907027329895e-04
3.990000000000000000e+02,-1.728954089617042297e-03,-1.083551097211144252e-04
4.000000000000000000e+02,-1.834987589112608468e-03,-1.057033020917945329e-04
4.010000000000000000e+02,-1.939021591172003902e-03,-1.030910636158435020e-04
4.020000000000000000e+02,-2.041055406137224932e-03,-1.005188297872845271e-04
4.030000000000000000e+02,-2.141088628600345146e-03,-9.798697048507399687e-05
4.040000000000000000e+02,-2.239121111721199733e-03,-9.549590178093110354e-05
4.050000000000000000e+02,-2.335152962082798038e-03,-9.304623718332509399e-05
4.060000000000000000e+02,-2.429184552975615415e-03,-9.063967201566349146e-05
4.070000000000000000e+02,-2.521216565803611163e-03,-8.841159093609581043e-05
4.080000000000000000e+02,-2.611250054649482278e-03,-8.649675929692056528e-05
4.090000000000000000e+02,-2.699286564310289863e-03,-8.489603021586855267e-05
4.100000000000000000e+02,-2.785328368454680070e-03,-8.360962680373789258e-05
4.110000000000000000e+02,-2.869378873286440677e-03,-8.263764725322831088e-05
4.120000000000000000e+02,-2.951443503089163853e-03,-8.198014319725266440e-05
4.130000000000000000e+02,-3.031532255447445291e-03,-8.163714514001367323e-05
4.140000000000000000e+02,-3.109671391144942440e-03,-8.160867196420772856e-05
4.150000000000000000e+02,-3.187276007107668792e-03,-8.189473524717783720e-05
4.160000000000000000e+02,-3.266427214605067790e-03,-8.249534172862331969e-05
4.170000000000000000e+02,-3.347827601714070331e-03,-8.341049440996914453e-05
4.180000000000000000e+02,-3.431499993444792323e-03,-8.464019299377108642e-05
4.190000000000000000e+02,-3.517453327921981482e-03,-8.618443385821187598e-05
4.200000000000000000e+02,-3.605692436402398345e-03,-8.804320959871702820e-05
4.210000000000000000e+02,-3.696220227895310323e-03,-9.021650789004850423e-05
4.220000000000000000e+02,-3.789038558834408217e-03,-9.270430884970240341e-05
4.230000000000000000e+02,-3.884148610829413553e-03,-9.550658007930405257e-05
4.240000000000000000e+02,-3.981551079279361562e-03,-9.862326403802005269e-05
4.250000000000000000e+02,-4.081246281244486213e-03,-1.020542327827461996e-04
4.260000000000000000e+02,-4.183234196257944876e-03,-1.057989385356489161e-04
4.270000000000000000e+02,-4.287514461931714316e-03,-1.092458957089587605e-04
4.280000000000000000e+02,-4.394086318386858717e-03,-1.117838775658493584e-04
4.290000000000000000e+02,-4.502948493893699049e-03,-1.134126315469036856e-04
4.300000000000000000e+02,-4.614098968656788965e-03,-1.141320797481720664e-04
4.310000000000000000e+02,-4.727534445183351371e-03,-1.139421858514020860e-04
4.320000000000000000e+02,-4.843249144962635637e-03,-1.128429304881403971e-04
4.330000000000000000e+02,-4.961230883836126315e-03,-1.108343033792369913e-04
4.340000000000000000e+02,-5.081432940723905334e-03,-1.079162999333262781e-04
4.350000000000000000e+02,-5.198148928648535332e-03,-1.040889200740467870e-04
4.360000000000000000e+02,-5.305684197000774815e-03,-9.935216826526093033e-05
4.370000000000000000e+02,-5.404004700254562248e-03,-9.370605481853286497e-05
4.380000000000000000e+02,-5.493099461503517245e-03,-8.715059900360019765e-05
4.390000000000000000e+02,-5.572963080208663718e-03,-7.968583696665790651e-05
4.400000000000000000e+02,-5.643592384353483295e-03,-7.131184632889179696e-05
4.410000000000000000e+02,-5.704985367524211676e-03,-6.202885333188002087e-05
4.420000000000000000e+02,-5.757140742399306961e-03,-5.195638070565964647e-05
4.430000000000000000e+02,-5.800057703012014010e-03,-4.159168493020230577e-05
4.440000000000000000e+02,-5.833735813355308067e-03,-3.131293754035330919e-05
4.450000000000000000e+02,-5.858174954983193933e-03,-2.112051125749118776e-05
4.460000000000000000e+02,-5.873375307867612603e-03,-1.101458120154049115e-05
4.470000000000000000e+02,-5.879337361653706219e-03,-9.952667048885370845e-07
4.480000000000000000e+02,-5.876061957684894192e-03,8.937334415982108417e-06
4.490000000000000000e+02,-5.863550380199311629e-03,1.878312778339248572e-05
4.500000000000000000e+02,-5.841804489019389139e-03,2.854201009051913424e-05
4.510000000000000000e+02,-5.810826949798016117e-03,3.821385088614659778e-05
4.520000000000000000e+02,-5.770621683624786204e-03,4.779844366991122656e-05
4.530000000000000000e+02,-5.721194624703192580e-03,5.729529912895574913e-05
4.540000000000000000e+02,-5.662555302073770183e-03,6.634159214534873956e-05
4.550000000000000000e+02,-5.594720923523673409e-03,7.457364747969632917e-05
4.560000000000000000e+02,-5.517728260297663154e-03,8.199011414421963570e-05
4.570000000000000000e+02,-5.431731926458347945e-03,8.859079721419151586e-05
4.580000000000000000e+02,-5.338708305345852070e-03,9.437561860570991385e-05
4.590000000000000000e+02,-5.240903100743554872e-03,9.934453801632580239e-05
4.600000000000000000e+02,-5.138828790984290018e-03,1.034975326410760905e-04
4.610000000000000000e+02,-5.032676538921015269e-03,1.068345889472761346e-04
4.620000000000000000e+02,-4.922595328272704254e-03,1.093556993244313027e-04
4.630000000000000000e+02,-4.808756702596406370e-03,1.110608605919384480e-04
4.640000000000000000e+02,-4.691512191195750317e-03,1.119500733575289379e-04
4.650000000000000000e+02,-4.572979601506928921e-03,1.120233421660462507e-04
4.660000000000000000e+02,-4.456958020453482237e-03,1.112806764651324637e-04
4.670000000000000000e+02,-4.345460629923421358e-03,1.097220930590790423e-04
4.680000000000000000e+02,-4.238588270458199837e-03,1.073476209490329157e-04
4.690000000000000000e+02,-4.136371342733223544e-03,1.041573129854947660e-04
4.700000000000000000e+02,-4.038824814634345978e-03,1.001512809830325062e-04
4.710000000000000000e+02,-3.945957283920472139e-03,9.532983707925234411e-05
4.720000000000000000e+02,-3.857774090708309799e-03,8.969615034137926870e-05
4.730000000000000000e+02,-3.774278774297905575e-03,8.370321625977128867e-05
4.740000000000000000e+02,-3.695473751050224950e-03,7.780177560663486223e-05
4.750000000000000000e+02,-3.621360675972633020e-03,7.199280529000515497e-05
4.760000000000000000e+02,-3.551940672830946732e-03,6.627682450785030046e-05
4.770000000000000000e+02,-3.487214454987362655e-03,6.065426867072992950e-05
4.780000000000000000e+02,-3.427182391555622966e-03,5.512563476278856741e-05
4.790000000000000000e+02,-3.371844542292881750e-03,4.969184058834538557e-05
4.800000000000000000e+02,-3.321200658798495638e-03,4.451594991781296427e-05
4.810000000000000000e+02,-3.275250151379297502e-03,3.977586249345059949e-05
4.820000000000000000e+02,-3.233992000104028968e-03,3.548734238717905472e-05
4.830000000000000000e+02,-3.197424601165844028e-03,3.165076980166042173e-05
4.840000000000000000e+02,-3.165545454982610692e-03,2.826627011809145851e-05
4.850000000000000000e+02,-3.138350435394065240e-03,2.533390317804415679e-05
4.860000000000000000e+02,-3.115831974319408035e-03,2.285370195546943480e-05
4.870000000000000000e+02,-3.097971613361507996e-03,2.082568557948318976e-05
4.880000000000000000e+02,-3.084382726259778541e-03,1.924986538448697525e-05
4.890000000000000000e+02,-3.071911945819000896e-03,1.812624747686849172e-05
4.900000000000000000e+02,-3.057762852452188592e-03,1.745483389076350116e-05
4.910000000000000000e+02,-3.041913644091522560e-03,1.723562304086567818e-05
4.920000000000000000e+02,-3.024355898782021303e-03,1.746860953713829179e-05
4.930000000000000000e+02,-3.005085144262997603e-03,1.815378331404627677e-05
4.940000000000000000e+02,-2.984098651915296184e-03,1.929112750165372432e-05
4.950000000000000000e+02,-2.961394663478061559e-03,2.088061457993064789e-05
4.960000000000000000e+02,-2.936972046160049241e-03,2.292219757228539735e-05
4.970000000000000000e+02,-2.910830102749055893e-03,2.541578430647840195e-05
4.980000000000000000e+02,-2.882968480619954935e-03,2.836112906684054341e-05
4.990000000000000000e+02,-2.853387130097578307e-03,3.156263025717953537e-05
5.000000000000000000e+02,-2.822086295847302077e-03,3.452181349476253676e-05
5.010000000000000000e+02,-2.789066535722967491e-03,3.693544325058282856e-05
5.020000000000000000e+02,-2.754328774423666151e-03,3.880328176902853423e-05
5.030000000000000000e+02,-2.717874421844275121e-03,4.012524225901104198e-05
5.040000000000000000e+02,-2.679705560048311654e-03,4.090128102465217792e-05
5.050000000000000000e+02,-2.639825313764927392e-03,4.113137356290318212e-05
5.060000000000000000e+02,-2.598238720591258648e-03,4.081550538927930988e-05
5.070000000000000000e+02,-2.554954916342403338e-03,3.995366835960518397e-05
5.080000000000000000e+02,-2.509996797503335954e-03,3.854585903291488807e-05
5.090000000000000000e+02,-2.465123209180216605e-03,3.659207798838296145e-05
5.100000000000000000e+02,-2.423881875006438959e-03,3.409233003067057606e-05
5.110000000000000000e+02,-2.388098264159903544e-03,3.104662544026252192e-05
5.120000000000000000e+02,-2.357798890985075141e-03,2.745498343413416110e-05
5.130000000000000000e+02,-2.332994051723293744e-03,2.331744017998390404e-05
5.140000000000000000e+02,-2.313689263533109247e-03,1.863407459909376983e-05
5.150000000000000000e+02,-2.299887908432404413e-03,1.340517252754902470e-05
5.160000000000000000e+02,-2.291592191901435996e-03,7.885465140044629637e-06
5.170000000000000000e+02,-2.288803580010681689e-03,2.329698138336028696e-06
5.180000000000000000e+02,-2.291523042487354951e-03,-3.261818631326028677e-06
5.190000000000000000e+02,-2.299751175364246180e-03,-8.888991042575641313e-06
5.200000000000000000e+02,-2.313488266628688141e-03,-1.455177264648715177e-05
5.210000000000000000e+02,-2.332734330566143405e-03,-2.025013516277874998e-05
5.220000000000000000e+02,-2.357489118696909879e-03,-2.598405956467437399e-05
5.230000000000000000e+02,-2.387752110593424539e-03,-3.175353233780548855e-05
5.240000000000000000e+02,-2.423522474783620841e-03,-3.755854320146570291e-05
5.250000000000000000e+02,-2.464799022489923275e-03,-4.339908391913710402e-05
5.260000000000000000e+02,-2.511580132337363092e-03,-4.927514744884942030e-05
5.270000000000000000e+02,-2.563863604206246226e-03,-5.518672703535860963e-05
5.280000000000000000e+02,-2.621646494611419576e-03,-6.113381550916330385e-05
5.290000000000000000e+02,-2.684924866470621806e-03,-6.711640452955912794e-05
5.300000000000000000e+02,-2.753693338984935807e-03,-7.313448345053600067e-05
5.310000000000000000e+02,-2.827944621514510200e-03,-7.918803796937714200e-05
5.320000000000000000e+02,-2.907668952685013315e-03,-8.527704771589338746e-05
5.330000000000000000e+02,-2.992853344289021084e-03,-9.140148063845231143e-05
5.340000000000000000e+02,-3.083481501586029117e-03,-9.756127907510189138e-05
5.350000000000000000e+02,-3.179534237850180443e-03,-1.037562983055498452e-04
5.360000000000000000e+02,-3.280989598931171800e-03,-1.094995353200069535e-04
5.370000000000000000e+02,-3.387823376884262824e-03,-1.140953237394342652e-04
5.380000000000000000e+02,-3.500008788963844108e-03,-1.173348019880421096e-04
5.390000000000000000e+02,-3.617513698616233592e-03,-1.192178496603787778e-04
5.400000000000000000e+02,-3.740295318371114879e-03,-1.197444246619409989e-04
5.410000000000000000e+02,-3.868282042849034447e-03,-1.189145076834535248e-04
5.420000000000000000e+02,-4.001253056019127459e-03,-1.167280894594990241e-04
5.430000000000000000e+02,-4.131308892065942151e-03,-1.131851668608921228e-04
5.440000000000000000e+02,-4.250460041076906809e-03,-1.082857418259072454e-04
5.450000000000000000e+02,-4.358401831619082220e-03,-1.020298219821375019e-04
5.460000000000000000e+02,-4.455078662932200791e-03,-9.441742325754091437e-05
5.470000000000000000e+02,-4.540467911954157443e-03,-8.544857722201175106e-05
5.480000000000000000e+02,-4.614557569882663662e-03,-7.512335533941328139e-05
5.490000000000000000e+02,-4.677340357186964351e-03,-6.344198170575952183e-05
5.500000000000000000e+02,-4.728811556060150481e-03,-5.108800512353181675e-05
5.510000000000000000e+02,-4.768967935393927070e-03,-3.874580889191468151e-05
5.520000000000000000e+02,-4.797807231992818472e-03,-2.641654525753124000e-05
5.530000000000000000e+02,-4.815327863784399365e-03,-1.410042405671790081e-05
5.540000000000000000e+02,-4.821528734611654765e-03,-1.797553928758842531e-06
5.550000000000000000e+02,-4.816409129356115891e-03,1.049198957433938425e-05
5.560000000000000000e+02,-4.799968652889057864e-03,2.276814451456538356e-05
5.570000000000000000e+02,-4.772207191265678307e-03,3.503085154394719415e-05
5.580000000000000000e+02,-4.733124901176702717e-03,4.728004645355789350e-05
5.590000000000000000e+02,-4.682722221881199451e-03,5.951564964122844800e-05
5.600000000000000000e+02,-4.620999917251752617e-03,7.173753941240692048e-05
5.610000000000000000e+02,-4.547959140025661061e-03,8.394545262677474825e-05
5.620000000000000000e+02,-4.463601544552060763e-03,9.603838323299760023e-05
5.630000000000000000e+02,-4.367929504520445816e-03,1.073899355515343929e-04
5.640000000000000000e+02,-4.260946448614241940e-03,1.174743885375594330e-04
5.650000000000000000e+02,-4.142657507967483291e-03,1.262915538365142756e-04
5.660000000000000000e+02,-4.013071013548168663e-03,1.338413678892514736e-04
5.670000000000000000e+02,-3.872202335476758722e-03,1.401238011674763549e-04
5.680000000000000000e+02,-3.720091545882603899e-03,1.451388387366219629e-04
5.690000000000000000e+02,-3.558391616070317315e-03,1.488864733957755528e-04
5.700000000000000000e+02,-3.394920302078328553e-03,1.513667032869244118e-04
5.710000000000000000e+02,-3.235905522214034460e-03,1.525795313791011929e-04
5.720000000000000000e+02,-3.081391592015711792e-03,1.525249664318567881e-04
5.730000000000000000e+02,-2.931395173497379058e-03,1.512030259269239740e-04
5.740000000000000000e+02,-2.785925151998736374e-03,1.486137440589146823e-04
5.750000000000000000e+02,-2.644987074323191818e-03,1.447571982896192586e-04
5.760000000000000000e+02,-2.508584672487860004e-03,1.396336406648975535e-04
5.770000000000000000e+02,-2.376720549685688161e-03,1.339232503318373295e-04
5.780000000000000000e+02,-2.249396577236636389e-03,1.283069310493674192e-04
5.790000000000000000e+02,-2.126614100981230951e-03,1.227857477563457317e-04
5.800000000000000000e+02,-2.008374064310034131e-03,1.173599080855564699e-04
5.810000000000000000e+02,-1.894677097563701468e-03,1.120295177977778884e-04
5.820000000000000000e+02,-1.785523565788163730e-03,1.067946481018967290e-04
5.830000000000000000e+02,-1.680913594701696984e-03,1.016553545538489419e-04
5.840000000000000000e+02,-1.580847081966846096e-03,9.661168690629398485e-05
5.850000000000000000e+02,-1.485323696043388056e-03,9.166369406682666930e-05
5.860000000000000000e+02,-1.394342861466608572e-03,8.681142858575752034e-05
5.870000000000000000e+02,-1.307903720190955717e-03,8.205495450857809082e-05
5.880000000000000000e+02,-1.226005086835032934e-03,7.739435918075685808e-05
5.890000000000000000e+02,-1.148645377810957003e-03,7.282978559932292979e-05
5.900000000000000000e+02,-1.075822478622195629e-03,6.836160653043623226e-05
5.910000000000000000e+02,-1.007533585607260510e-03,6.403118886281632029e-05
5.920000000000000000e+02,-9.437749571193771152e-04,5.988046568650344737e-05
5.930000000000000000e+02,-8.845414517933884811e-04,5.591039236159248068e-05
5.940000000000000000e+02,-8.298258585942906804e-04,5.212111741543860969e-05
5.950000000000000000e+02,-7.796175452391484540e-04,4.851270204954129624e-05
5.960000000000000000e+02,-7.338986247305413595e-04,4.508517927079703206e-05
5.970000000000000000e+02,-6.926335724144443021e-04,4.183856843094927109e-05
5.980000000000000000e+02,-6.556969443601947441e-04,3.877288083153747019e-05
5.990000000000000000e+02,-6.222362899909874645e-04,3.588812263603117153e-05
6.000000000000000000e+02,-5.910368081737569449e-04,3.318429604876247632e-05
6.010000000000000000e+02,-5.615090605166124125e-04,3.066139967262473140e-05
6.020000000000000000e+02,-5.334760682103101889e-04,2.831942825042258225e-05
6.030000000000000000e+02,-5.068594447804506634e-04,2.615837170422405375e-05
6.040000000000000000e+02,-4.816138229942293369e-04,2.417821291467376734e-05
6.050000000000000000e+02,-4.577064500540026356e-04,2.237892262265961870e-05
6.060000000000000000e+02,-4.351110169619903131e-04,2.076044860977282517e-05
6.070000000000000000e+02,-4.138050414558703117e-04,1.932267640768285102e-05
6.080000000000000000e+02,-3.937673558609182606e-04,1.806514820223161205e-05
6.090000000000000000e+02,-3.749772131113838169e-04,1.691877431691233253e-05
6.100000000000000000e+02,-3.574136062197116382e-04,1.581451904349237146e-05
6.110000000000000000e+02,-3.410536497227992865e-04,1.475196816518345208e-05
6.120000000000000000e+02,-3.258720686110102649e-04,1.373098798499068460e-05
6.130000000000000000e+02,-3.118406734273815361e-04,1.275151049578211154e-05
6.140000000000000000e+02,-2.989266344166816003e-04,1.181349261369020972e-05
6.150000000000000000e+02,-2.870929608575660064e-04,1.091690411030519901e-05
6.160000000000000000e+02,-2.762994858303399661e-04,1.006172259485931679e-05
6.170000000000000000e+02,-2.665018448192103448e-04,9.247930188881700134e-06
6.180000000000000000e+02,-2.576526748466877875e-04,8.475512080973005577e-06
6.190000000000000000e+02,-2.497023310649390559e-04,7.744455647019879728e-06
6.200000000000000000e+02,-2.425959852174303880e-04,7.054749384166912051e-06
6.210000000000000000e+02,-2.362734880147423111e-04,6.406382434075694886e-06
6.220000000000000000e+02,-2.306699596777183389e-04,5.799344184167130485e-06
6.230000000000000000e+02,-2.257141166330757704e-04,5.233623502280417967e-06
6.240000000000000000e+02,-2.213314382580036579e-04,4.709208366486544846e-06
6.250000000000000000e+02,-2.174475136516819591e-04,4.226085446293767977e-06
6.260000000000000000e+02,-2.139871945511402629e-04,3.784239110168789431e-06
6.270000000000000000e+02,-2.108782005131639434e-04,3.383650782439974190e-06
6.280000000000000000e+02,-2.080552739963448315e-04,3.024297984981171932e-06
6.290000000000000000e+02,-2.054612560287119745e-04,2.706152074274461573e-06
6.300000000000000000e+02,-2.030505981643897673e-04,2.429175889029283267e-06
6.310000000000000000e+02,-2.007900792624593418e-04,2.193319369766606417e-06
6.320000000000000000e+02,-1.986552136716030360e-04,1.998508665102007326e-06
6.330000000000000000e+02,-1.966280750879846194e-04,1.844622603329086517e-06
6.340000000000000000e+02,-1.946956867031070487e-04,1.731399336903813568e-06
6.350000000000000000e+02,-1.928481878250019920e-04,1.657478753183265656e-06
6.360000000000000000e+02,-1.910780248585221578e-04,1.603739897606276309e-06
6.370000000000000000e+02,-1.893794435171307540e-04,1.551693924713675749e-06
6.380000000000000000e+02,-1.877478766852540585e-04,1.500633894355280560e-06
6.390000000000000000e+02,-1.861796787718883266e-04,1.450324453932834406e-06
6.400000000000000000e+02,-1.846719490714120301e-04,1.400654055819529448e-06
6.410000000000000000e+02,-1.832222949333784485e-04,1.351554910012207676e-06
6.420000000000000000e+02,-1.818287408254905333e-04,1.302980739904116157e-06
6.430000000000000000e+02,-1.804896671417373746e-04,1.254898451025961811e-06
6.440000000000000000e+02,-1.792037062344567239e-04,1.207283168941014005e-06
6.450000000000000000e+02,-1.779697070791296388e-04,1.160115961988176060e-06
6.460000000000000000e+02,-1.767867107801784595e-04,1.113382496474133081e-06
6.470000000000000000e+02,-1.756538952851557510e-04,1.067071738224393947e-06
6.480000000000000000e+02,-1.745705586011094099e-04,1.021175360970306145e-06
6.490000000000000000e+02,-1.735361058484264458e-04,9.756873713651784189e-07
6.500000000000000000e+02,-1.725500115414261735e-04,9.306036857153071033e-07
6.510000000000000000e+02,-1.716118079898775134e-04,8.859219478092154175e-07
6.520000000000000000e+02,-1.707210736528631671e-04,8.416414313272813157e-07
6.530000000000000000e+02,-1.698773984721659621e-04,7.977629992368563965e-07
6.540000000000000000e+02,-1.690803712920563187e-04,7.542890932874739348e-07
6.550000000000000000e+02,-1.683295681711899133e-04,7.112237955739192311e-07
6.560000000000000000e+02,-1.676245203328244956e-04,6.685731351978095107e-07
6.570000000000000000e+02,-1.669647072994569009e-04,6.263452756407950951e-07
6.580000000000000000e+02,-1.663495525509361473e-04,5.845508556537278604e-07
6.590000000000000000e+02,-1.657783962704925727e-04,5.432039984421608773e-07
6.600000000000000000e+02,-1.652504974347839342e-04,5.023231003615085628e-07
6.610000000000000000e+02,-1.647650369271860392e-04,4.619322209543504474e-07
6.620000000000000000e+02,-1.643210901726703164e-04,4.220646763960290141e-07
6.630000000000000000e+02,-1.639176326596981177e-04,3.827669489751160539e-07
6.640000000000000000e+02,-1.635535462953440964e-04,3.441059806541044162e-07
6.650000000000000000e+02,-1.632275899812443340e-04,3.061859536471360845e-07
6.660000000000000000e+02,-1.629384107188639797e-04,2.691660122989970256e-07
6.670000000000000000e+02,-1.626845576583835988e-04,2.332801113158015576e-07
6.680000000000000000e+02,-1.624644547872988796e-04,1.988547328448409287e-07
6.690000000000000000e+02,-1.622764285244895910e-04,1.662678961111620731e-07
6.700000000000000000e+02,-1.621187399903736598e-04,1.358748443278027108e-07
6.710000000000000000e+02,-1.619895622514468949e-04,1.079663250241068123e-07
6.720000000000000000e+02,-1.618870197219434424e-04,8.274847292411402984e-08
6.730000000000000000e+02,-1.618092221402958044e-04,6.035330037772424546e-08
6.740000000000000000e+02,-1.617542199778875596e-04,4.086831343896836257e-08
6.750000000000000000e+02,-1.617200205771800864e-04,2.435263810980716108e-08
6.760000000000000000e+02,-1.617045945890343759e-04,1.084658600894710463e-08
6.770000000000000000e+02,-1.617057962747587467e-04,3.797812212376817216e-10
6.780000000000000000e+02,-1.617213608579032703e-04,-7.025587064721512264e-09
6.790000000000000000e+02,-1.617488965790322053e-04,-1.135299749266155968e-08
6.800000000000000000e+02,-1.617857759429297386e-04,-1.258964272452403656e-08
6.810000000000000000e+02,-1.618291318586055215e-04,-1.072572633834151876e-08
6.820000000000000000e+02,-1.618758563661181729e-04,-5.754056171240733675e-09
6.830000000000000000e+02,-1.619224767814794763e-04,2.330577417737246726e-09
6.840000000000000000e+02,-1.619651768758730232e-04,1.353159006094450694e-08
6.850000000000000000e+02,-1.619998204342532142e-04,2.785069349300289139e-08
6.860000000000000000e+02,-1.620218162808916885e-04,4.528803087331455774e-08
6.870000000000000000e+02,-1.620261921936411392e-04,6.584218808506938032e-08
6.880000000000000000e+02,-1.620077215944961606e-04,8.951013872233537375e-08
6.890000000000000000e+02,-1.619609225600487554e-04,1.162870341626259371e-07
6.900000000000000000e+02,-1.618803518570753380e-04,1.461660714064852677e-07
6.910000000000000000e+02,-1.617609546756108591e-04,1.791382642750511100e-07
6.920000000000000000e+02,-1.615982051623760679e-04,2.151917510030847175e-07
6.930000000000000000e+02,-1.613883376040126918e-04,2.543113567561711416e-07
6.940000000000000000e+02,-1.611284423249906739e-04,2.964778565316134122e-07
6.950000000000000000e+02,-1.608163194897257585e-04,3.416659575042623376e-07
6.960000000000000000e+02,-1.604503731044343079e-04,3.898423344356618656e-07
6.970000000000000000e+02,-1.600295034437235675e-04,4.409618383283366481e-07
6.980000000000000000e+02,-1.595529772563831637e-04,4.949567196538044456e-07
6.990000000000000000e+02,-1.590203613814990041e-04,5.517062164627748028e-07
7.000000000000000000e+02,-1.584314842017524251e-04,6.108856533714278585e-07
7.010000000000000000e+02,-1.577864087515771921e-04,6.714046208177515150e-07
7.020000000000000000e+02,-1.570854240426578440e-04,7.312676207222608171e-07
7.030000000000000000e+02,-1.563290499016297037e-04,7.887680656228635173e-07
7.040000000000000000e+02,-1.555180672563397635e-04,8.431564509504733792e-07
7.050000000000000000e+02,-1.546535425944159153e-04,8.941636495366023695e-07
7.060000000000000000e+02,-1.537368659513979564e-04,9.416725308892499230e-07
7.070000000000000000e+02,-1.527698418036000803e-04,9.856140730177428527e-07
7.080000000000000000e+02,-1.517547365152172338e-04,1.025941656993212317e-06
7.090000000000000000e+02,-1.506943238368334249e-04,1.062622202689966002e-06
7.100000000000000000e+02,-1.495919991077160186e-04,1.095630453947359738e-06
7.110000000000000000e+02,-1.484517326204112418e-04,1.124946895089837781e-06
7.120000000000000000e+02,-1.472779617345461875e-04,1.150556642464828913e-06
7.130000000000000000e+02,-1.460755841144735999e-04,1.172448037216975609e-06
7.140000000000000000e+02,-1.448497204256786756e-04,1.190612153970152594e-06
7.150000000000000000e+02,-1.436054771293506145e-04,1.205042499134875182e-06
7.160000000000000000e+02,-1.423479573351235259e-04,1.215734502908823227e-06
7.170000000000000000e+02,-1.410820954620140011e-04,1.222685359389820548e-06
7.180000000000000000e+02,-1.398125397939119978e-04,1.225893951639147940e-06
7.190000000000000000e+02,-1.385437910517370861e-04,1.225360771512128454e-06
7.200000000000000000e+02,-1.372801592110010861e-04,1.221087921322056710e-06
7.210000000000000000e+02,-1.360257243253445080e-04,1.213079188008609428e-06
7.220000000000000000e+02,-1.347844847466186751e-04,1.201340334059838672e-06
7.230000000000000000e+02,-1.335603218868194333e-04,1.185879273368695057e-06
7.240000000000000000e+02,-1.323569585535297683e-04,1.166706377349347658e-06
7.250000000000000000e+02,-1.311780695775490954e-04,1.143835394650081718e-06
7.260000000000000000e+02,-1.300272117488724581e-04,1.117284095418922896e-06
7.270000000000000000e+02,-1.289077405160430885e-04,1.087075399653113174e-06
7.280000000000000000e+02,-1.278228601800176112e-04,1.053240434440646934e-06
7.290000000000000000e+02,-1.267755347427794942e-04,1.015822053885582829e-06
7.300000000000000000e+02,-1.257683980751163333e-04,9.748829098089326866e-07
7.310000000000000000e+02,-1.248037783214512252e-04,9.305317106343228216e-07
7.320000000000000000e+02,-1.238836499431419285e-04,8.829972189746322392e-07
7.330000000000000000e+02,-1.230096098409878358e-04,8.328784719061142793e-07
7.340000000000000000e+02,-1.221829363430834757e-04,7.815797008479900002e-07
7.350000000000000000e+02,-1.214046128329159023e-04,7.307913423340943506e-07
7.360000000000000000e+02,-1.206753516287901643e-04,6.814890638225971970e-07
7.370000000000000000e+02,-1.199956358344309292e-04,6.340034785186534173e-07
7.380000000000000000e+02,-1.193657355877346377e-04,5.884552215979278021e-07
7.390000000000000000e+02,-1.187857142838338713e-04,5.449076152694006861e-07
7.400000000000000000e+02,-1.182554269033807948e-04,5.034038560714036395e-07
7.410000000000000000e+02,-1.177745123761269740e-04,4.639753497910816757e-07
7.420000000000000000e+02,-1.173423732094132864e-04,4.266451078064576975e-07
7.430000000000000000e+02,-1.169581209303812965e-04,3.914307740271614948e-07
7.440000000000000000e+02,-1.166205287547345546e-04,3.583458541565654885e-07
7.450000000000000000e+02,-1.163279621648843188e-04,3.274004319190716786e-07
7.460000000000000000e+02,-1.160782320724515292e-04,2.986020692837606181e-07
7.470000000000000000e+02,-1.158684908727055973e-04,2.719561288253370896e-07
7.480000000000000000e+02,-1.156951309337030711e-04,2.474659538359402721e-07
7.490000000000000000e+02,-1.155536315990132664e-04,2.251331091768416131e-07
7.500000000000000000e+02,-1.154387102403187348e-04,2.049574367737384652e-07
7.510000000000000000e+02,-1.153446573473868898e-04,1.869370219034702215e-07
7.520000000000000000e+02,-1.152655963262129527e-04,1.710680007755657139e-07
7.530000000000000000e+02,-1.151959475741025005e-04,1.573443880589995379e-07
7.540000000000000000e+02,-1.151307770283229820e-04,1.457577440191528163e-07
7.550000000000000000e+02,-1.150658048333671172e-04,1.362962539430650260e-07
7.560000000000000000e+02,-1.149974666555842210e-04,1.289439396668072425e-07
7.570000000000000000e+02,-1.149229018768080796e-04,1.236793013540765921e-07
7.580000000000000000e+02,-1.148397879333541450e-04,1.204720263972997286e-07
7.590000000000000000e+02,-1.147462714142133042e-04,1.192798034283385463e-07
7.600000000000000000e+02,-1.146409059595643939e-04,1.200434611133459683e-07
7.610000000000000000e+02,-1.145225353669557494e-04,1.226776269665449567e-07
7.620000000000000000e+02,-1.143902437082901284e-04,1.270670363587306628e-07
7.630000000000000000e+02,-1.142433175834355665e-04,1.330684963312455054e-07
7.640000000000000000e+02,-1.140811816484920863e-04,1.405149311791202036e-07
7.650000000000000000e+02,-1.139033737418060550e-04,1.492368205743467409e-07
7.660000000000000000e+02,-1.137095273474696795e-04,1.590837046990354682e-07
7.670000000000000000e+02,-1.134993356999915463e-04,1.699286530449115375e-07
7.680000000000000000e+02,-1.132725426017734037e-04,1.816721718766029456e-07
7.690000000000000000e+02,-1.130289364918052488e-04,1.942407736394245325e-07
7.700000000000000000e+02,-1.127683285131137001e-04,2.075785762052412506e-07
7.710000000000000000e+02,-1.124905467616546171e-04,2.216433226401167196e-07
7.720000000000000000e+02,-1.121954316425838641e-04,2.364034951398725871e-07
7.730000000000000000e+02,-1.118828217759378226e-04,2.518344247959470732e-07
7.740000000000000000e+02,-1.115525525144938111e-04,2.679167597225076976e-07
7.750000000000000000e+02,-1.112044580602514194e-04,2.846355085772514155e-07
7.760000000000000000e+02,-1.108383706074331411e-04,3.019786234839797394e-07
7.770000000000000000e+02,-1.104541292141175110e-04,3.199365222890015283e-07
7.780000000000000000e+02,-1.100515912861526431e-04,3.385017922847555453e-07
7.790000000000000000e+02,-1.096306416259932545e-04,3.576686074881396631e-07
7.800000000000000000e+02,-1.091912021478755790e-04,3.774325600622815196e-07
7.810000000000000000e+02,-1.087332403799534815e-04,3.977905470618278361e-07
7.820000000000000000e+02,-1.082567788938509348e-04,4.187404834140087484e-07
7.830000000000000000e+02,-1.077619017085042511e-04,4.402811979042379230e-07
7.840000000000000000e+02,-1.072487597544153053e-04,4.624123344206628385e-07
7.850000000000000000e+02,-1.067175796545211070e-04,4.851341527490173953e-07
7.860000000000000000e+02,-1.061686649529391507e-04,5.084473906274707166e-07
7.870000000000000000e+02,-1.056023950261997897e-04,5.323531149443776188e-07
7.880000000000000000e+02,-1.050192283479616792e-04,5.568525296348394171e-07
7.890000000000000000e+02,-1.044196931856708824e-04,5.819468055589476687e-07
7.900000000000000000e+02,-1.038043721814125176e-04,6.076369135010898475e-07
7.910000000000000000e+02,-1.031738894231445870e-04,6.339234422452159257e-07
7.920000000000000000e+02,-1.025288797387517004e-04,6.608064567177447046e-07
7.930000000000000000e+02,-1.018699532191316080e-04,6.882853634802953076e-07
7.940000000000000000e+02,-1.011976695780200371e-04,7.163587154597219318e-07
7.950000000000000000e+02,-1.005125049212549424e-04,7.450240941756691391e-07
7.960000000000000000e+02,-9.981482347476648817e-05,7.742779703470720316e-07
7.970000000000000000e+02,-9.910486320263261475e-05,8.041153736096547439e-07
7.980000000000000000e+02,-9.838271877505705952e-05,8.345296912910573950e-07
7.990000000000000000e+02,-9.764832764614170138e-05,8.655123666466116962e-07
8.000000000000000000e+02,-9.690146236530717335e-05,8.970521220747333171e-07
8.010000000000000000e+02,-9.614172110295958441e-05,9.291343300229693560e-07
8.020000000000000000e+02,-9.536852157441771493e-05,9.617399601541442685e-07
8.030000000000000000e+02,-9.458110392786619894e-05,9.948430710803991525e-07
8.040000000000000000e+02,-9.377854799118686075e-05,1.028407633352295216e-06
8.050000000000000000e+02,-9.295981083062486666e-05,1.062380508518626208e-06
8.060000000000000000e+02,-9.212378605881577456e-05,1.096669877836623881e-06
8.070000000000000000e+02,-9.126938219653238057e-05,1.131071784489644748e-06
8.080000000000000000e+02,-9.039560525452400807e-05,1.164443196484880639e-06
8.090000000000000000e+02,-8.950162756042344999e-05,1.186803415277115312e-06
8.100000000000000000e+02,-8.858683641143132138e-05,1.188956721737883002e-06
8.110000000000000000e+02,-8.765086355450672751e-05,1.170617144918682405e-06
8.120000000000000000e+02,-8.669360777134588322e-05,1.131675519773649961e-06
8.130000000000000000e+02,-8.571526172426894099e-05,1.072073629304394233e-06
8.140000000000000000e+02,-8.471636442717915495e-05,9.917764645860512324e-07
8.150000000000000000e+02,-8.369792095256229367e-05,8.907610205612511888e-07
8.160000000000000000e+02,-8.266160930069614684e-05,7.690118817108450538e-07
8.170000000000000000e+02,-8.161024215796642178e-05,6.265189919029383068e-07
8.180000000000000000e+02,-8.054906781827827328e-05,4.632760573618114406e-07
8.190000000000000000e+02,-7.949116814801237489e-05,2.792798714212141904e-07
8.200000000000000000e+02,-7.853919360069266183e-05,7.453004261992743941e-08
8.210000000000000000e+02,-7.785952648232743480e-05,-1.509710380105546538e-07
8.220000000000000000e+02,-7.753291559906697115e-05,-3.972178956966136535e-07
8.230000000000000000e+02,-7.756958744897141415e-05,-6.642012298990640006e-07
8.240000000000000000e+02,-7.797386858631365290e-05,-9.519062539142250719e-07
8.250000000000000000e+02,-7.874813578971264362e-05,-1.260309836301260107e-06
8.260000000000000000e+02,-7.989375764283055575e-05,-1.589373960353767085e-06
8.270000000000000000e+02,-8.141148688069528995e-05,-1.939026097757965417e-06
8.280000000000000000e+02,-8.330162036950108451e-05,-2.309076593745994785e-06
8.290000000000000000e+02,-8.556405620931171010e-05,-2.671380414574938280e-06
8.300000000000000000e+02,-8.819828224379293779e-05,-2.978860003847223786e-06
8.310000000000000000e+02,-9.120329442884030438e-05,-3.212301922778153203e-06
8.320000000000000000e+02,-9.457740009284833660e-05,-3.371518621502251923e-06
8.330000000000000000e+02,-9.831775647241570136e-05,-3.456437949817806470e-06
8.340000000000000000e+02,-1.024193414429066460e-04,-3.467021428273264076e-06
8.350000000000000000e+02,-1.068718437959520967e-04,-3.403246296124508015e-06
8.360000000000000000e+02,-1.116441528889520855e-04,-3.265098196581101556e-06
8.370000000000000000e+02,-1.162267804567545160e-04,-3.052568200977112279e-06
8.380000000000000000e+02,-1.201086582452864124e-04,-2.765651382489450024e-06
8.390000000000000000e+02,-1.232565283189090207e-04,-2.404345976145577773e-06
8.400000000000000000e+02,-1.256588876368032611e-04,-1.968653110348861367e-06
8.410000000000000000e+02,-1.273094517922480462e-04,-1.458576903258704896e-06
8.420000000000000000e+02,-1.282040797879070834e-04,-8.741250127749556491e-07
8.430000000000000000e+02,-1.283398064562731727e-04,-2.153095524332260419e-07
8.440000000000000000e+02,-1.277144283657930500e-04,5.178511063518918276e-07
8.450000000000000000e+02,-1.263262532006965847e-04,1.325328300197681182e-06
8.460000000000000000e+02,-1.241739857245242407e-04,2.207075446858921569e-06
8.470000000000000000e+02,-1.212566646887569760e-04,3.163007384934429951e-06
8.480000000000000000e+02,-1.175736078899332088e-04,4.192909589069980241e-06
8.490000000000000000e+02,-1.131243932635236167e-04,5.294204150217419043e-06
8.500000000000000000e+02,-1.079088569237184644e-04,6.355517296380064135e-06
8.510000000000000000e+02,-1.019271015269703043e-04,7.267689688185598224e-06
8.520000000000000000e+02,-9.517953221896588401e-05,8.030451444083441285e-06
8.530000000000000000e+02,-8.766692989102252442e-05,8.643706533146490765e-06
8.540000000000000000e+02,-7.939059920240874380e-05,9.107405644969597739e-06
8.550000000000000000e+02,-7.035263489653375017e-05,9.421519774534621225e-06
8.560000000000000000e+02,-6.055651109571019524e-05,9.586031019090907144e-06
8.570000000000000000e+02,-5.000879079759027276e-05,9.600928100229318634e-06
8.580000000000000000e+02,-3.872687409508136503e-05,9.466204392848638014e-06
8.590000000000000000e+02,-2.716927214706806496e-05,9.181856979400417916e-06
8.600000000000000000e+02,-1.630925616004919235e-05,8.747886204482606404e-06
8.610000000000000000e+02,-6.687026645428220555e-06,8.164295731633106084e-06
8.620000000000000000e+02,1.680643339772292489e-06,7.431093121024773832e-06
8.630000000000000000e+02,8.787102162214456159e-06,6.548291366008953846e-06
8.640000000000000000e+02,1.462868577101107449e-05,5.515911651146724752e-06
8.650000000000000000e+02,1.920314766562175395e-05,4.333989764269283695e-06
8.660000000000000000e+02,2.250904136437835066e-05,3.002595252516935303e-06
8.670000000000000000e+02,2.454545653051556984e-05,1.521912018854734557e-06
8.680000000000000000e+02,2.531189066672648373e-05,-4.866536527621800648e-08
8.690000000000000000e+02,2.480818153569296905e-05,-1.560328100060563266e-06
8.700000000000000000e+02,2.303449437142187861e-05,-2.923385038389438618e-06
8.710000000000000000e+02,1.999135493967510967e-05,-4.137649901076089454e-06
8.720000000000000000e+02,1.567974938417050814e-05,-5.203053175923355986e-06
8.730000000000000000e+02,1.010131992686753689e-05,-6.119558844584926253e-06
8.740000000000000000e+02,3.258801216878520340e-06,-6.887146124609149370e-06
8.750000000000000000e+02,-4.842794050925811931e-06,-7.505802410318180566e-06
8.760000000000000000e+02,-1.419185333236389057e-05,-7.975520445382603581e-06
8.770000000000000000e+02,-2.470149073311121363e-05,-8.296297044811900938e-06
8.780000000000000000e+02,-3.539468413481439206e-05,-8.468132498533259136e-06
8.790000000000000000e+02,-4.536037708912423480e-05,-8.491030611215933128e-06
8.800000000000000000e+02,-5.458184664280935202e-05,-8.364999359433295746e-06
8.810000000000000000e+02,-6.305290752632957654e-05,-8.090052653017691911e-06
8.820000000000000000e+02,-7.077031793618176450e-05,-7.666213690160627808e-06
8.830000000000000000e+02,-7.773218967113244501e-05,-7.093523150928554203e-06
8.840000000000000000e+02,-8.393739328321052904e-05,-6.372065471199487427e-06
8.850000000000000000e+02,-8.938530827722991417e-05,-5.502097539404587704e-06
8.860000000000000000e+02,-9.407570955826240287e-05,-4.588594747720514280e-06
8.870000000000000000e+02,-9.800872362350146602e-05,-3.736759167472422627e-06
8.880000000000000000e+02,-1.011848356091585668e-04,-2.947096507724143979e-06
8.890000000000000000e+02,-1.036049497325228973e-04,-2.219721062854427612e-06
8.900000000000000000e+02,-1.052705430166160069e-04,-1.554685309486316221e-06
8.910000000000000000e+02,-1.061839356194967912e-04,-9.520187051601803212e-07
8.920000000000000000e+02,-1.063488840973532342e-04,-4.117389985136979254e-07
8.930000000000000000e+02,-1.057722144842662747e-04,6.614274868778671437e-08
8.940000000000000000e+02,-1.044698279850038615e-04,4.816200484681325142e-07
8.950000000000000000e+02,-1.025537889453711831e-04,8.346899933422826717e-07
8.960000000000000000e+02,-1.004423527226626806e-04,1.125352763446204800e-06
8.970000000000000000e+02,-9.846721737538091049e-05,1.353611599878324977e-06
8.980000000000000000e+02,-9.664754903075382822e-05,1.519473192473679431e-06
8.990000000000000000e+02,-9.499112339678627767e-05,1.622948761280218103e-06
9.000000000000000000e+02,-9.350233698282956688e-05,1.664055774092342429e-06
9.010000000000000000e+02,-9.218404402816285348e-05,1.642821425115345212e-06
9.020000000000000000e+02,-9.103820900937068807e-05,1.559290990194581652e-06
9.030000000000000000e+02,-9.006619761994295349e-05,1.413547444866082765e-06
9.040000000000000000e+02,-8.926893805282838006e-05,1.205797115895012891e-06
9.050000000000000000e+02,-8.864702910269421979e-05,9.393472367422912713e-07
9.060000000000000000e+02,-8.820079781950661540e-05,6.544215248412455705e-07
9.070000000000000000e+02,-8.793032950491744444e-05,3.882961191595589909e-07
9.080000000000000000e+02,-8.783547570014873466e-05,1.412498294870299547e-07
9.090000000000000000e+02,-8.791584957796687034e-05,-8.661102191620547322e-08
9.100000000000000000e+02,-8.817080192282866964e-05,-2.952301663416011322e-07
9.110000000000000000e+02,-8.859935467780831909e-05,-4.845725053184544096e-07
9.120000000000000000e+02,-8.920011882600174520e-05,-6.546145548492832085e-07
9.130000000000000000e+02,-8.997114181479177184e-05,-8.053402376847283021e-07
9.140000000000000000e+02,-9.090955383760755009e-05,-9.367382517649963413e-07
9.150000000000000000e+02,-9.201095389146052522e-05,-1.048800851853565938e-06
9.160000000000000000e+02,-9.326787636704993319e-05,-1.141523170394474869e-06
9.170000000000000000e+02,-9.466538524278884394e-05,-1.214902698426314911e-06
9.180000000000000000e+02,-9.617236556574087309e-05,-1.268939070152061572e-06
9.190000000000000000e+02,-9.773258207382619649e-05,-1.303634009217220029e-06
9.200000000000000000e+02,-9.927425887009851937e-05,-1.318991457543091716e-06
9.210000000000000000e+02,-1.007401284744515238e-04,-1.315017755610535672e-06
9.220000000000000000e+02,-1.020998480196882703e-04,-1.291722006569389787e-06
9.230000000000000000e+02,-1.033391521564857695e-04,-1.249116957814330518e-06
9.240000000000000000e+02,-1.044508586445486826e-04,-1.187219881450566316e-06
9.250000000000000000e+02,-1.054308925771527177e-04,-1.106054033165835181e-06
9.260000000000000000e+02,-1.062765771960131499e-04,-1.005651828719589769e-06
9.270000000000000000e+02,-1.069860409206355005e-04,-8.860586893931582207e-07
9.280000000000000000e+02,-1.075579590685649085e-04,-7.473407293496774001e-07
9.290000000000000000e+02,-1.079913724484199547e-04,-5.896058420841306491e-07
9.300000000000000000e+02,-1.082856082153878821e-04,-4.130559580192395291e-07
9.310000000000000000e+02,-1.084402329989989994e-04,-2.182782051587772193e-07
9.320000000000000000e+02,-1.084550064404808027e-04,-1.392246820343027917e-08
9.330000000000000000e+02,-1.083298593625067459e-04,1.866458880192772588e-07
9.340000000000000000e+02,-1.080648809687796030e-04,3.778242168485754720e-07
9.350000000000000000e+02,-1.076603120363485243e-04,5.590335243254479738e-07
9.360000000000000000e+02,-1.071165415379564276e-04,7.300566936897494460e-07
9.370000000000000000e+02,-1.064341101654324722e-04,8.907776106399816715e-07
9.380000000000000000e+02,-1.056137352318777195e-04,1.041121194391513330e-06
9.390000000000000000e+02,-1.046563280548874769e-04,1.181034877477659446e-06
9.400000000000000000e+02,-1.035630249399180347e-04,1.310480689936156196e-06
9.410000000000000000e+02,-1.023352698383901731e-04,1.429429589243710332e-06
9.420000000000000000e+02,-1.009748726900115359e-04,1.537859147001962427e-06
9.430000000000000000e+02,-9.948410044346308830e-05,1.635752210847726815e-06
9.440000000000000000e+02,-9.786590679376037266e-05,1.723095340384000376e-06
9.450000000000000000e+02,-9.612414945539597905e-05,1.799878187226763302e-06
9.460000000000000000e+02,-9.426396816264554185e-05,1.866093103699166071e-06
9.470000000000000000e+02,-9.229262947731826895e-05,1.921734580260648377e-06
9.480000000000000000e+02,-9.022039660540307382e-05,1.966799049976918462e-06
9.490000000000000000e+02,-8.806177145760313101e-05,2.001284792495815927e-06
9.500000000000000000e+02,-8.583755865981115905e-05,2.025191832766563249e-06
9.510000000000000000e+02,-8.357510266992342421e-05,2.038521954369341371e-06
9.520000000000000000e+02,-8.130595722327280898e-05,2.041278802066043815e-06
9.530000000000000000e+02,-7.906189968442103248e-05,2.033468190430823518e-06
9.540000000000000000e+02,-7.686926520447373687e-05,2.015098373934629190e-06
9.550000000000000000e+02,-7.474637072752661818e-05,1.986180503030686984e-06
9.560000000000000000e+02,-7.270518536951464910e-05,1.946729735619831083e-06
9.570000000000000000e+02,-7.075321974321574839e-05,1.896766313130470261e-06
9.580000000000000000e+02,-6.889509810215238854e-05,1.836317456356741377e-06
9.590000000000000000e+02,-6.713383789128724618e-05,1.765421731500093991e-06
9.600000000000000000e+02,-6.547146942346461496e-05,1.684134383606586761e-06
9.610000000000000000e+02,-6.390936559674840545e-05,1.592537130400578620e-06
9.620000000000000000e+02,-6.244847505684962097e-05,1.490771625856153235e-06
9.630000000000000000e+02,-6.108942218685663888e-05,1.379286722798970583e-06
9.640000000000000000e+02,-5.983255989919281082e-05,1.261820450997767116e-06
9.650000000000000000e+02,-5.867801365319330468e-05,1.144779162593524075e-06
9.660000000000000000e+02,-5.762569525157113588e-05,1.031456983140603566e-06
9.670000000000000000e+02,-5.667530128180184291e-05,9.222026578964117280e-07
9.680000000000000000e+02,-5.582629507466313956e-05,8.171411561552081812e-07
9.690000000000000000e+02,-5.507787900651757212e-05,7.163473813572968750e-07
9.700000000000000000e+02,-5.442894645774985475e-05,6.198716009995884367e-07
9.710000000000000000e+02,-5.387798397632382084e-05,5.277505571753460438e-07
9.720000000000000000e+02,-5.342297940066413034e-05,4.400117704126176436e-07
9.730000000000000000e+02,-5.306130237531340592e-05,3.566758615573455178e-07
9.740000000000000000e+02,-5.278949897679356451e-05,2.777588757041760918e-07
9.750000000000000000e+02,-5.260322416111605840e-05,2.032732298155541655e-07
9.760000000000000000e+02,-5.249724922639021951e-05,1.332282933214647110e-07
9.770000000000000000e+02,-5.246539423671292291e-05,6.763117003135978005e-08
9.780000000000000000e+02,-5.250078928692118984e-05,6.486983460321186762e-09
9.790000000000000000e+02,-5.259621667179495620e-05,-5.020095218725649054e-08
9.800000000000000000e+02,-5.274419812638812740e-05,-1.024308793609030937e-07
9.810000000000000000e+02,-5.293734533919829626e-05,-1.502025127931056037e-07
9.820000000000000000e+02,-5.316864918488384501e-05,-1.935170089698340114e-07
9.830000000000000000e+02,-5.343141083157132854e-05,-2.323770000507792714e-07
9.840000000000000000e+02,-5.371942270822288145e-05,-2.667865979428363036e-07
9.850000000000000000e+02,-5.402711082127062701e-05,-2.967514423548496799e-07
9.860000000000000000e+02,-5.434937972103807806e-05,-3.222789989144317985e-07
9.870000000000000000e+02,-5.468166128432055625e-05,-3.433786292026864591e-07
9.880000000000000000e+02,-5.501993918944357212e-05,-3.600617141510712708e-07
9.890000000000000000e+02,-5.536056183473784371e-05,-3.723423028967959710e-07
9.900000000000000000e+02,-5.570022330729776161e-05,-3.802372326605739301e-07
9.910000000000000000e+02,-5.603594386934649974e-05,-3.837663035342388048e-07
9.920000000000000000e+02,-5.636490796656232568e-05,-3.829534028780844642e-07
9.930000000000000000e+02,-5.668444658823460164e-05,-3.778265588701276682e-07
9.940000000000000000e+02,-5.699202714489683022e-05,-3.684180026279301055e-07
9.950000000000000000e+02,-5.728512607898808144e-05,-3.547658170359906547e-07
9.960000000000000000e+02,-5.756122852177506395e-05,-3.369136290428284204e-07
9.970000000000000000e+02,-5.781783316468087496e-05,-3.149102347308152166e-07
9.980000000000000000e+02,-5.805234534462011450e-05,-2.888117616613356764e-07
9.990000000000000000e+02,-5.826209436644107887e-05,-2.586807621496732585e-07
1.000000000000000000e+03,-5.844435993761187256e-05,-2.245852818563035203e-07
1.001000000000000000e+03,-5.859629108832933647e-05,-1.866018205789526586e-07
1.002000000000000000e+03,-5.871495653987032239e-05,-1.448141006738231875e-07
1.003000000000000000e+03,-5.879740802936742755e-05,-9.931205614914176375e-08
1.004000000000000000e+03,-5.884063652538478145e-05,-5.019649753135563742e-08
1.005000000000000000e+03,-5.884165370975397955e-05,2.421587914927896762e-09
1.006000000000000000e+03,-5.879757513909430170e-05,5.842096705670651016e-08
1.007000000000000000e+03,-5.870559307302138563e-05,1.176615106810718175e-07
1.008000000000000000e+03,-5.856304905239916123e-05,1.799821814466447857e-07
1.009000000000000000e+03,-5.836750635592690653e-05,2.451961645076896912e-07
1.010000000000000000e+03,-5.811673622344814248e-05,3.130692202208656539e-07
1.011000000000000000e+03,-5.780877082899632844e-05,3.833043110047308036e-07
1.012000000000000000e+03,-5.744194243196440545e-05,4.555116824544061182e-07
1.013000000000000000e+03,-5.701485248232352892e-05,5.291273921890189919e-07
1.014000000000000000e+03,-5.652637104587168124e-05,6.033378291923920073e-07
1.015000000000000000e+03,-5.597562888547196966e-05,6.770021450526088849e-07
1.016000000000000000e+03,-5.536198349205046811e-05,7.486424504485472028e-07
1.017000000000000000e+03,-5.468500374867284267e-05,8.168400027276156034e-07
1.018000000000000000e+03,-5.394446030721230633e-05,8.806953140594150599e-07
1.019000000000000000e+03,-5.314032171154769042e-05,9.398109915821122138e-07
1.020000000000000000e+03,-5.227275773264574311e-05,9.940397337331982409e-07
1.021000000000000000e+03,-5.134215582425339345e-05,1.043309663648955601e-06
1.022000000000000000e+03,-5.034917052200760154e-05,1.087566415087249485e-06
1.023000000000000000e+03,-4.929477580343482587e-05,1.126764769628953675e-06
1.024000000000000000e+03,-4.818035509558941698e-05,1.160867863506218622e-06
1.025000000000000000e+03,-4.700789502916629271e-05,1.189845209033456758e-06
1.026000000000000000e+03,-4.578019847917067219e-05,1.213671930450245817e-06
1.027000000000000000e+03,-4.450120732951190255e-05,1.232328163335063395e-06
1.028000000000000000e+03,-4.317657453334989908e-05,1.245797718481617831e-06
1.029000000000000000e+03,-4.181404806788737436e-05,1.254067644072320238e-06
1.030000000000000000e+03,-4.042364181954869579e-05,1.257127905259781516e-06
1.031000000000000000e+03,-3.901767680991690389e-05,1.254970693676496568e-06
1.032000000000000000e+03,-3.760975576065513331e-05,1.247590191201634097e-06
1.033000000000000000e+03,-3.621344079508572849e-05,1.234982414212155052e-06
1.034000000000000000e+03,-3.484167592288629311e-05,1.217144938252406843e-06
1.035000000000000000e+03,-3.350606878884651368e-05,1.194076806282071358e-06
1.036000000000000000e+03,-3.221654825873120472e-05,1.165778488793791442e-06
1.037000000000000000e+03,-3.098172677347756120e-05,1.132251887180846623e-06
1.038000000000000000e+03,-2.980892546776490242e-05,1.093500326175613550e-06
1.039000000000000000e+03,-2.870421985122900349e-05,1.049528585636497301e-06
1.040000000000000000e+03,-2.767278998805667591e-05,1.000343145266616851e-06
1.041000000000000000e+03,-2.671899005889164495e-05,9.459522273214200475e-07
1.042000000000000000e+03,-2.584640312790321368e-05,8.863658797261926812e-07
1.043000000000000000e+03,-2.505806982718734313e-05,8.215965095507183104e-07
1.044000000000000000e+03,-2.435654717910066966e-05,7.516589526415232780e-07
1.045000000000000000e+03,-2.374395360629650014e-05,6.765705903525765632e-07
1.046000000000000000e+03,-2.322210905959680831e-05,5.963522850204543040e-07
1.047000000000000000e+03,-2.279257218201200436e-05,5.110284450599111843e-07
1.048000000000000000e+03,-2.245666696650749163e-05,4.206271584443717905e-07
1.049000000000000000e+03,-2.221556348790317150e-05,3.251817572617863039e-07
1.050000000000000000e+03,-2.207029428356351150e-05,2.247309121975587097e-07
1.051000000000000000e+03,-2.202176176269848433e-05,1.193189179514081599e-07
1.052000000000000000e+03,-2.207077749348152645e-05,8.998557871825129580e-09
1.053000000000000000e+03,-2.221806156951332883e-05,-1.061682570097628826e-07
1.054000000000000000e+03,-2.246423782342698135e-05,-2.261090498074691987e-07
1.055000000000000000e+03,-2.280984962066584892e-05,-3.507339183369589604e-07
1.056000000000000000e+03,-2.325535594450268314e-05,-4.799311138507166382e-07
1.057000000000000000e+03,-2.380112621148199834e-05,-6.135576133753223302e-07
1.058000000000000000e+03,-2.444744261846978409e-05,-7.514091483653597833e-07
1.059000000000000000e+03,-2.519449648725359531e-05,-8.931726108491694173e-07
1.060000000000000000e+03,-2.604238250655147325e-05,-1.038273991443114769e-06
1.061000000000000000e+03,-2.699108657595593758e-05,-1.185159209726375058e-06
1.062000000000000000e+03,-2.804047788552272479e-05,-1.328515451924137407e-06
1.063000000000000000e+03,-2.919029739137955824e-05,-1.460217372994664151e-06
1.064000000000000000e+03,-3.044012565032539006e-05,-1.575950119054916357e-06
1.065000000000000000e+03,-3.178936390423582967e-05,-1.675269676595963469e-06
1.066000000000000000e+03,-3.323720400067052327e-05,-1.757994165948139090e-06
1.067000000000000000e+03,-3.478254716020768596e-05,-1.824006385579578272e-06
1.068000000000000000e+03,-3.642393497402338781e-05,-1.873227931812873708e-06
1.069000000000000000e+03,-3.815942590709574961e-05,-1.905606693874114970e-06
1.070000000000000000e+03,-3.998628852507577229e-05,-1.921105711585635385e-06
1.071000000000000000e+03,-4.190057341689561291e-05,-1.919698070488435201e-06
1.072000000000000000e+03,-4.389618323746610870e-05,-1.901364196555214269e-06
1.073000000000000000e+03,-4.596248434159899102e-05,-1.866089488825290245e-06
1.074000000000000000e+03,-4.807993620099365969e-05,-1.813863245412475276e-06
1.075000000000000000e+03,-5.021223343833792092e-05,-1.744677997758401024e-06
1.076000000000000000e+03,-5.229865266064423821e-05,-1.658528808341493594e-06
1.077000000000000000e+03,-5.426702164246487305e-05,-1.555412993841909861e-06
1.078000000000000000e+03,-5.606105410092623739e-05,-1.435330009523885386e-06
1.079000000000000000e+03,-5.764942976836608704e-05,-1.298281414053305315e-06
1.080000000000000000e+03,-5.901739648191456133e-05,-1.144270976606106240e-06
1.081000000000000000e+03,-6.015775092332863882e-05,-9.733049548929313709e-07
1.082000000000000000e+03,-6.106625308349066189e-05,-7.853927544939907843e-07
1.083000000000000000e+03,-6.174011391235617987e-05,-5.805477146257841957e-07
1.084000000000000000e+03,-6.217742050775961946e-05,-3.587885005034178429e-07
1.085000000000000000e+03,-6.237680623371199445e-05,-1.201421669050842292e-07
1.086000000000000000e+03,-6.233730388898578965e-05,1.353511552558945415e-07
1.087000000000000000e+03,-6.205826383622818198e-05,4.076278317473456113e-07
1.088000000000000000e+03,-6.153929052641368518e-05,6.965694405423337324e-07
1.089000000000000000e+03,-6.078021511016115349e-05,1.001862124693294695e-06
1.090000000000000000e+03,-5.978108596042348090e-05,1.303608778992992578e-06
1.091000000000000000e+03,-5.854217470322845604e-05,1.579242640764571901e-06
1.092000000000000000e+03,-5.706399363927909123e-05,1.825676934687044645e-06
1.093000000000000000e+03,-5.534733306158621526e-05,2.042662762862783275e-06
1.094000000000000000e+03,-5.339334427846135253e-05,2.230097609128176996e-06
1.095000000000000000e+03,-5.120364235622413803e-05,2.387924766050945103e-06
1.096000000000000000e+03,-4.878048776116038389e-05,2.516109451574517477e-06
1.097000000000000000e+03,-4.612718040763737708e-05,2.614628383927046292e-06
1.098000000000000000e+03,-4.324870081725006076e-05,2.683465586150587750e-06
1.099000000000000000e+03,-4.015353014288146447e-05,2.722610273361137457e-06
1.100000000000000000e+03,-3.686388430779577506e-05,2.732055319575981009e-06
1.101000000000000000e+03,-3.347029812646535793e-05,2.711796572100902670e-06
1.102000000000000000e+03,-3.015563144670402212e-05,2.661832514553364580e-06
1.103000000000000000e+03,-2.705880960031216564e-05,2.582164096807421257e-06
1.104000000000000000e+03,-2.421737102011803225e-05,2.472794805588948747e-06
1.105000000000000000e+03,-2.164274449132575282e-05,2.333730981794904249e-06
1.106000000000000000e+03,-1.934106019674357234e-05,2.164982616952445418e-06
1.107000000000000000e+03,-1.731626479584643156e-05,1.966564430624908593e-06
1.108000000000000000e+03,-1.557101661971746053e-05,1.738497883597628126e-06
1.109000000000000000e+03,-1.410719171494548403e-05,1.480815714133323950e-06
1.110000000000000000e+03,-1.292611902231703127e-05,1.193570176457997401e-06
1.111000000000000000e+03,-1.202871311855993289e-05,8.768556242255288613e-07
1.112000000000000000e+03,-1.141557624589264539e-05,5.309099021830171343e-07
1.113000000000000000e+03,-1.108704605125430912e-05,1.587488874305215962e-07
1.114000000000000000e+03,-1.104321855343115360e-05,-2.097283345368718267e-07
1.115000000000000000e+03,-1.128395632206820017e-05,-5.472359558981387989e-07
1.116000000000000000e+03,-1.180887926608839942e-05,-8.534755833601007132e-07
1.117000000000000000e+03,-1.261733616255946016e-05,-1.128339793227260734e-06
1.118000000000000000e+03,-1.370833961543460575e-05,-1.371771146113981500e-06
1.119000000000000000e+03,-1.508048177337073586e-05,-1.583734389416066283e-06
1.120000000000000000e+03,-1.673178562308034328e-05,-1.764206699493166970e-06
1.121000000000000000e+03,-1.865938960479068874e-05,-1.913172558191555587e-06
1.122000000000000000e+03,-2.085905146892347135e-05,-2.030621480419712531e-06
1.123000000000000000e+03,-2.332402722988852591e-05,-2.116546810808582475e-06
1.124000000000000000e+03,-2.603980536074027130e-05,-2.170944870564894498e-06
1.125000000000000000e+03,-2.894056438268331939e-05,-2.193814610989218355e-06
1.126000000000000000e+03,-3.183027253634690943e-05,-2.185157539409530352e-06
1.127000000000000000e+03,-3.453385054216993449e-05,-2.144977923195741125e-06
1.128000000000000000e+03,-3.700890236539509497e-05,-2.073283192281681792e-06
1.129000000000000000e+03,-3.924383016762030604e-05,-1.970084770507958050e-06
1.130000000000000000e+03,-4.123256203887189198e-05,-1.835399955733118219e-06
1.131000000000000000e+03,-4.297132683788287469e-05,-1.669254755799361654e-06
1.132000000000000000e+03,-4.445767477027436938e-05,-1.471690018104094027e-06
1.133000000000000000e+03,-4.568993713651630582e-05,-1.242778481481822368e-06
1.134000000000000000e+03,-4.666698092554591942e-05,-9.826772238455794325e-07
1.135000000000000000e+03,-4.738807781812352804e-05,-6.920949314517871964e-07
1.136000000000000000e+03,-4.785281271029449731e-05,-3.950260117470986170e-07
1.137000000000000000e+03,-4.806104645617902490e-05,-1.151303321132614200e-07
1.138000000000000000e+03,-4.801290649674191501e-05,1.472514103656520046e-07
1.139000000000000000e+03,-4.770879973043389195e-05,3.920056326340545710e-07
1.140000000000000000e+03,-4.714944916378504891e-05,6.190737629367298574e-07
1.141000000000000000e+03,-4.633596760230136572e-05,8.284211809243339630e-07
1.142000000000000000e+03,-4.527001117170537114e-05,1.020025221683223642e-06
1.143000000000000000e+03,-4.395401848326364565e-05,1.193870539760232272e-06
1.144000000000000000e+03,-4.239171913554305385e-05,1.349946867691010384e-06
1.145000000000000000e+03,-4.058986075732774648e-05,1.488247504129519967e-06
1.146000000000000000e+03,-3.856655354634231823e-05,1.608768625435202948e-06
1.147000000000000000e+03,-3.638176694489610993e-05,1.711508947071712135e-06
1.148000000000000000e+03,-3.414021658292328275e-05,1.796469575657272301e-06
1.149000000000000000e+03,-3.192515379135283868e-05,1.863654056683055453e-06
1.150000000000000000e+03,-2.977083504185865594e-05,1.913068640544143819e-06
1.151000000000000000e+03,-2.769119343564196807e-05,1.944723002147244816e-06
1.152000000000000000e+03,-2.569332291347254161e-05,1.958631080762999083e-06
1.153000000000000000e+03,-2.378144896618427607e-05,1.954812568539359840e-06
1.154000000000000000e+03,-2.195843786662973643e-05,1.933296261232444551e-06
1.155000000000000000e+03,-2.022632695195729783e-05,1.894124977374413204e-06
1.156000000000000000e+03,-1.858657339261232953e-05,1.837364256234306164e-06
1.157000000000000000e+03,-1.704025571971062774e-05,1.763109390861230994e-06
1.158000000000000000e+03,-1.558815842494241230e-05,1.671509150185938506e-06
1.159000000000000000e+03,-1.423082479808158678e-05,1.564784053885863159e-06
1.160000000000000000e+03,-1.296862905851585743e-05,1.450656195308003370e-06
1.161000000000000000e+03,-1.180180914265593950e-05,1.335340354706259253e-06
1.162000000000000000e+03,-1.073049554651553871e-05,1.219623187153181334e-06
1.163000000000000000e+03,-9.754761990052475119e-06,1.103754928525882843e-06
1.164000000000000000e+03,-8.874650142294623160e-06,9.878680466871961593e-07
1.165000000000000000e+03,-8.090189303677976934e-06,8.720457417089495162e-07
1.166000000000000000e+03,-7.401430302946244222e-06,7.563485746969704547e-07
1.167000000000000000e+03,-6.808450774170982559e-06,6.408232510321926825e-07
1.168000000000000000e+03,-6.311353763397249483e-06,5.255067151860944028e-07
1.169000000000000000e+03,-5.910281471216351058e-06,4.104304229117477984e-07
1.170000000000000000e+03,-5.605407356967898351e-06,2.956216866553255396e-07
1.171000000000000000e+03,-5.396927328464520467e-06,1.811044337055450276e-07
1.172000000000000000e+03,-5.285067881136787641e-06,6.690094350888870238e-08
1.173000000000000000e+03,-5.270079740070272754e-06,-4.696781518628312339e-08
1.174000000000000000e+03,-5.352232136952472326e-06,-1.604819668591146047e-07
1.175000000000000000e+03,-5.531820090419833523e-06,-2.736215237817921967e-07
1.176000000000000000e+03,-5.809161764300335866e-06,-3.863662333578430761e-07
1.177000000000000000e+03,-6.184596478255516992e-06,-4.986954106061425588e-07
1.178000000000000000e+03,-6.658490074004242006e-06,-6.105866550366917791e-07
1.179000000000000000e+03,-7.231232686888383921e-06,-7.220155754736320167e-07
1.180000000000000000e+03,-7.903233908786407158e-06,-8.329553368816069108e-07
1.181000000000000000e+03,-8.674917122894072719e-06,-9.433745698374225248e-07
1.182000000000000000e+03,-9.546708137837674700e-06,-1.053236310060604501e-06
1.183000000000000000e+03,-1.051901814069987172e-05,-1.162496076503125970e-06
1.184000000000000000e+03,-1.159221860873050356e-05,-1.271096037816171213e-06
1.185000000000000000e+03,-1.276661444464696479e-05,-1.378958690712919594e-06
1.186000000000000000e+03,-1.404241476793225495e-05,-1.485972260976269638e-06
1.187000000000000000e+03,-1.541969712191385112e-05,-1.591942469516054991e-06
1.188000000000000000e+03,-1.689838340441642703e-05,-1.696436637151510682e-06
1.189000000000000000e+03,-1.847821647634743217e-05,-1.797795416063557394e-06
1.190000000000000000e+03,-2.015871642493958832e-05,-1.889854620770305555e-06
1.191000000000000000e+03,-2.193915025834336654e-05,-1.967230394605795761e-06
1.192000000000000000e+03,-2.381848403450941514e-05,-2.029275786183348577e-06
1.193000000000000000e+03,-2.579526438476947156e-05,-2.075876318105017436e-06
1.194000000000000000e+03,-2.786747724002169762e-05,-2.106958039322443680e-06
1.195000000000000000e+03,-3.003223427628419018e-05,-2.122462880663186173e-06
1.196000000000000000e+03,-3.228486113357981289e-05,-2.122347887167240892e-06
1.197000000000000000e+03,-3.461669873699591823e-05,-2.106582167582233170e-06
1.198000000000000000e+03,-3.700912720938916525e-05,-2.075143640667007696e-06
1.199000000000000000e+03,-3.942133925593286324e-05,-2.028015882025717735e-06
1.200000000000000000e+03,-4.178767848586779492e-05,-1.965186705313696742e-06
1.201000000000000000e+03,-4.404008473134484337e-05,-1.886647326443285386e-06
1.202000000000000000e+03,-4.613073109441109880e-05,-1.792391499536932871e-06
1.203000000000000000e+03,-4.803330106011316502e-05,-1.682415157048778729e-06
1.204000000000000000e+03,-4.973402579387194340e-05,-1.556716208198574581e-06
1.205000000000000000e+03,-5.122465381135558318e-05,-1.415294342632633917e-06
1.206000000000000000e+03,-5.249966603619557638e-05,-1.258150986959471016e-06
1.207000000000000000e+03,-5.355510905173632810e-05,-1.085289350761175276e-06
1.208000000000000000e+03,-5.438787204277062193e-05,-8.967146250596060618e-07
1.209000000000000000e+03,-5.499540672121966238e-05,-6.924341727018345663e-07
1.210000000000000000e+03,-5.537558265706556436e-05,-4.724578590390654234e-07
1.211000000000000000e+03,-5.552652850639933969e-05,-2.367988458292006756e-07
1.212000000000000000e+03,-5.544659053450939895e-05,1.452567159171011010e-08
1.213000000000000000e+03,-5.513431795652154222e-05,2.814932390183836439e-07
1.214000000000000000e+03,-5.458841418077594573e-05,5.640733842511784500e-07
1.215000000000000000e+03,-5.380774165318660650e-05,8.622241562802373984e-07
1.216000000000000000e+03,-5.279133276512754948e-05,1.175885220076205438e-06
1.217000000000000000e+03,-5.153837382869211629e-05,1.504959962945122769e-06
1.218000000000000000e+03,-5.004821381785481223e-05,1.849270468964645635e-06
1.219000000000000000e+03,-4.832037484080455942e-05,2.208312370639008723e-06
1.220000000000000000e+03,-4.635455197413767891e-05,2.552601879438426861e-06
1.221000000000000000e+03,-4.415062834586148949e-05,2.851626477192594279e-06
1.222000000000000000e+03,-4.170869802007061222e-05,3.103789063459887291e-06
1.223000000000000000e+03,-3.902909902503049378e-05,3.308835491839325454e-06
1.224000000000000000e+03,-3.611246249950602157e-05,3.466655529978149123e-06
1.225000000000000000e+03,-3.295979427385580039e-05,3.577188953933838028e-06
1.226000000000000000e+03,-2.957263295362039148e-05,3.640397825642324524e-06
1.227000000000000000e+03,-2.595330908413923750e-05,3.656256886577375063e-06
1.228000000000000000e+03,-2.210551932905619181e-05,3.624749157539810830e-06
1.229000000000000000e+03,-1.803593650481045028e-05,3.545863041143795578e-06
1.230000000000000000e+03,-1.375863313360929249e-05,3.419590969855117035e-06
1.231000000000000000e+03,-9.433804635018207160e-06,3.245928673023707029e-06
1.232000000000000000e+03,-5.394309449498978679e-06,3.024874660627101289e-06
1.233000000000000000e+03,-1.838862602655865399e-06,2.756430112252288289e-06
1.234000000000000000e+03,1.210581622938251552e-06,2.440599051933572214e-06
1.235000000000000000e+03,3.745497675674514046e-06,2.077388923917100313e-06
1.236000000000000000e+03,5.761210736005752181e-06,1.666811552790343837e-06
1.237000000000000000e+03,7.254830823647294195e-06,1.208885028337149485e-06
1.238000000000000000e+03,8.224426641024341138e-06,7.036379448326795762e-07
1.239000000000000000e+03,8.668682843162655129e-06,1.511179564275815067e-07
1.240000000000000000e+03,8.586728065671284560e-06,-4.485829198326299045e-07
1.241000000000000000e+03,7.978024555323619022e-06,-1.095195162736743050e-06
1.242000000000000000e+03,6.842320516582321599e-06,-1.731647669693093060e-06
1.243000000000000000e+03,5.179634919096203107e-06,-2.300243051073477156e-06
1.244000000000000000e+03,2.990266622906613910e-06,-2.800035503997730714e-06
1.245000000000000000e+03,2.748350647583353425e-07,-3.230870123719491380e-06
1.246000000000000000e+03,-2.965632143397054587e-06,-3.592681499838392621e-06
1.247000000000000000e+03,-6.729516124535048848e-06,-3.885433508305708694e-06
1.248000000000000000e+03,-1.101427264755518788e-05,-4.109104143152143703e-06
1.249000000000000000e+03,-1.581568258729824504e-05,-4.263679737325694352e-06
1.250000000000000000e+03,-2.112557273124732101e-05,-4.349151865185926266e-06
1.251000000000000000e+03,-2.692265458122125184e-05,-4.365516000246755501e-06
1.252000000000000000e+03,-3.272482042771385072e-05,-4.312770919550280556e-06
1.253000000000000000e+03,-3.804107733942734671e-05,-4.190918518638553171e-06
1.254000000000000000e+03,-4.284035038805530433e-05,-3.999964072182557556e-06
1.255000000000000000e+03,-4.711327751806411278e-05,-3.739917054029715399e-06
1.256000000000000000e+03,-5.085522661231903170e-05,-3.410793104630681669e-06
1.257000000000000000e+03,-5.406348877817829170e-05,-3.012617586750124984e-06
1.258000000000000000e+03,-5.673637955025452069e-05,-2.545434026734514562e-06
1.259000000000000000e+03,-5.887282603165819620e-05,-2.009330629696020114e-06
1.260000000000000000e+03,-6.047218466417761222e-05,-1.404575043044776557e-06
1.261000000000000000e+03,-6.153415211472805112e-05,-7.892696327652669125e-07
1.262000000000000000e+03,-6.205871997437910055e-05,-2.217613690655693348e-07
1.263000000000000000e+03,-6.204617072153855860e-05,2.974155147478570938e-07
1.264000000000000000e+03,-6.149710805410896577e-05,7.681442526439990574e-07
1.265000000000000000e+03,-6.041253552104475564e-05,1.190371419597068069e-06
1.266000000000000000e+03,-5.879399540560520252e-05,1.564066724754313945e-06
1.267000000000000000e+03,-5.664384304125271254e-05,1.889211760641718877e-06
1.268000000000000000e+03,-5.396586421048463737e-05,2.165794985929781711e-06
1.269000000000000000e+03,-5.076682825198234727e-05,2.393809552666321203e-06
1.270000000000000000e+03,-4.705842883315654166e-05,2.573252261875355121e-06
1.271000000000000000e+03,-4.317572223634143772e-05,2.704123044670665680e-06
1.272000000000000000e+03,-3.948976033573409878e-05,2.786424922947577558e-06
1.273000000000000000e+03,-3.605314052027227964e-05,2.820164416033362299e-06
1.274000000000000000e+03,-3.287920281138357416e-05,2.805352726562321139e-06
1.275000000000000000e+03,-2.997409633320938910e-05,2.742007707988079041e-06
1.276000000000000000e+03,-2.734124589531316946e-05,2.630158145063388064e-06
1.277000000000000000e+03,-2.498279449499946208e-05,2.469855296172988161e-06
1.278000000000000000e+03,-2.290013016660490591e-05,2.261206677920569833e-06
1.279000000000000000e+03,-2.109412859634550829e-05,2.004604957312671544e-06
1.280000000000000000e+03,-1.956530684161821148e-05,1.723570395664052203e-06
1.281000000000000000e+03,-1.831389295788019077e-05,1.441560001386165235e-06
1.282000000000000000e+03,-1.733986361824835064e-05,1.158898331353852476e-06
1.283000000000000000e+03,-1.664297819770859912e-05,8.756872377192586734e-07
1.284000000000000000e+03,-1.622279493200635080e-05,5.919773207234819723e-07
1.285000000000000000e+03,-1.607868948200930515e-05,3.077979535288998422e-07
1.286000000000000000e+03,-1.620989649998606040e-05,2.316797062671345373e-08
1.287000000000000000e+03,-1.661556193244127894e-05,-2.619002650958081525e-07
1.288000000000000000e+03,-1.729481947624864982e-05,-5.473989302220826961e-07
1.289000000000000000e+03,-1.824688764797532999e-05,-8.333235272455324409e-07
1.290000000000000000e+03,-1.947113334074788101e-05,-1.119672359069377134e-06
1.291000000000000000e+03,-2.096710602728950519e-05,-1.406446352436412126e-06
1.292000000000000000e+03,-2.273456658863493623e-05,-1.693649193431133430e-06
1.293000000000000000e+03,-2.477348986971194861e-05,-1.981287683668415180e-06
1.294000000000000000e+03,-2.708406715212332617e-05,-2.269372541855590155e-06
1.295000000000000000e+03,-2.966673615150596118e-05,-2.557920297218350631e-06
1.296000000000000000e+03,-3.252219928423867910e-05,-2.846956170623721658e-06
1.297000000000000000e+03,-3.565146193686254204e-05,-3.136520420429025065e-06
1.298000000000000000e+03,-3.905593737268949704e-05,-3.426686859258851180e-06
1.299000000000000000e+03,-4.273755240209764391e-05,-3.717627320472994835e-06
1.300000000000000000e+03,-4.669892097875797749e-05,-4.011160536007828085e-06
